segment,day,period,sample_size,travel_time,avg_speed,sequence,segment_length
Lamar_BrodieOaks$Lamar_and_Manchca_Barton_skyway,0,am_off,10,90,35.8,0,0.868
Lamar_BrodieOaks$Lamar_and_Manchca_Barton_skyway,1,am_off,15,89,36.93333333,0,0.868
Lamar_BrodieOaks$Lamar_and_Manchca_Barton_skyway,2,am_off,13,93,34.69230769,0,0.868
Lamar_BrodieOaks$Lamar_and_Manchca_Barton_skyway,3,am_off,16,89.6875,36.5,0,0.868
Lamar_BrodieOaks$Lamar_and_Manchca_Barton_skyway,4,am_off,17,84.41176471,37.94117647,0,0.868
Lamar_BrodieOaks$Lamar_and_Manchca_Barton_skyway,5,am_off,28,96.60714286,34.64285714,0,0.868
Lamar_BrodieOaks$Lamar_and_Manchca_Barton_skyway,6,am_off,35,93.42857143,34.4,0,0.868
Lamar_BrodieOaks$Lamar_and_Manchca_Barton_skyway,0,am_peak,307,106.4104235,30.80130293,0,0.868
Lamar_BrodieOaks$Lamar_and_Manchca_Barton_skyway,1,am_peak,367,125.4141689,27.91553134,0,0.868
Lamar_BrodieOaks$Lamar_and_Manchca_Barton_skyway,2,am_peak,426,111.8685446,29.842723,0,0.868
Lamar_BrodieOaks$Lamar_and_Manchca_Barton_skyway,3,am_peak,341,119.4750733,29.17595308,0,0.868
Lamar_BrodieOaks$Lamar_and_Manchca_Barton_skyway,4,am_peak,289,109.3979239,29.69896194,0,0.868
Lamar_BrodieOaks$Lamar_and_Manchca_Barton_skyway,5,am_peak,89,103.1797753,31.94382022,0,0.868
Lamar_BrodieOaks$Lamar_and_Manchca_Barton_skyway,6,am_peak,55,101.6909091,32.52727273,0,0.868
Lamar_BrodieOaks$Lamar_and_Manchca_Barton_skyway,0,mid_day,572,104.6573427,31.70104895,0,0.868
Lamar_BrodieOaks$Lamar_and_Manchca_Barton_skyway,1,mid_day,700,99.52857143,32.61428571,0,0.868
Lamar_BrodieOaks$Lamar_and_Manchca_Barton_skyway,2,mid_day,599,98.92654424,33.01669449,0,0.868
Lamar_BrodieOaks$Lamar_and_Manchca_Barton_skyway,3,mid_day,567,123.313933,30.03880071,0,0.868
Lamar_BrodieOaks$Lamar_and_Manchca_Barton_skyway,4,mid_day,675,101.92,32.32592593,0,0.868
Lamar_BrodieOaks$Lamar_and_Manchca_Barton_skyway,5,mid_day,464,118.8556034,27.56896552,0,0.868
Lamar_BrodieOaks$Lamar_and_Manchca_Barton_skyway,6,mid_day,505,114.9366337,28.56435644,0,0.868
Lamar_BrodieOaks$Lamar_and_Manchca_Barton_skyway,0,pm_off,130,94.75384615,34.40769231,0,0.868
Lamar_BrodieOaks$Lamar_and_Manchca_Barton_skyway,1,pm_off,202,98.83663366,32.90594059,0,0.868
Lamar_BrodieOaks$Lamar_and_Manchca_Barton_skyway,2,pm_off,169,103.1183432,31.70414201,0,0.868
Lamar_BrodieOaks$Lamar_and_Manchca_Barton_skyway,3,pm_off,166,109.186747,31.72891566,0,0.868
Lamar_BrodieOaks$Lamar_and_Manchca_Barton_skyway,4,pm_off,173,112.3641618,29.53757225,0,0.868
Lamar_BrodieOaks$Lamar_and_Manchca_Barton_skyway,5,pm_off,163,105.9877301,30.76687117,0,0.868
Lamar_BrodieOaks$Lamar_and_Manchca_Barton_skyway,6,pm_off,137,104.8467153,31.90510949,0,0.868
Lamar_BrodieOaks$Lamar_and_Manchca_Barton_skyway,0,pm_peak,381,115.2965879,28.08923885,0,0.868
Lamar_BrodieOaks$Lamar_and_Manchca_Barton_skyway,1,pm_peak,495,115.769697,28.00606061,0,0.868
Lamar_BrodieOaks$Lamar_and_Manchca_Barton_skyway,2,pm_peak,372,116.922043,27.7688172,0,0.868
Lamar_BrodieOaks$Lamar_and_Manchca_Barton_skyway,3,pm_peak,401,124.1571072,26.24937656,0,0.868
Lamar_BrodieOaks$Lamar_and_Manchca_Barton_skyway,4,pm_peak,331,120.9335347,26.50151057,0,0.868
Lamar_BrodieOaks$Lamar_and_Manchca_Barton_skyway,5,pm_peak,252,116.1904762,28.05952381,0,0.868
Lamar_BrodieOaks$Lamar_and_Manchca_Barton_skyway,6,pm_peak,326,110.5276074,29.5398773,0,0.868
Lamar_and_Manchca_Barton_skyway$Lamar_Blue_Bonnet,0,am_off,86,37.46511628,32.65116279,1,0.307
Lamar_and_Manchca_Barton_skyway$Lamar_Blue_Bonnet,1,am_off,84,35.22619048,32.86904762,1,0.307
Lamar_and_Manchca_Barton_skyway$Lamar_Blue_Bonnet,2,am_off,66,36.15151515,32.12121212,1,0.307
Lamar_and_Manchca_Barton_skyway$Lamar_Blue_Bonnet,3,am_off,64,36.078125,32.203125,1,0.307
Lamar_and_Manchca_Barton_skyway$Lamar_Blue_Bonnet,4,am_off,92,34.23913043,33.80434783,1,0.307
Lamar_and_Manchca_Barton_skyway$Lamar_Blue_Bonnet,5,am_off,111,35.04504505,32.86486486,1,0.307
Lamar_and_Manchca_Barton_skyway$Lamar_Blue_Bonnet,6,am_off,158,35.38607595,32.79746835,1,0.307
Lamar_and_Manchca_Barton_skyway$Lamar_Blue_Bonnet,0,am_peak,898,48.80623608,25.9688196,1,0.307
Lamar_and_Manchca_Barton_skyway$Lamar_Blue_Bonnet,1,am_peak,1114,58.60502693,23.61400359,1,0.307
Lamar_and_Manchca_Barton_skyway$Lamar_Blue_Bonnet,2,am_peak,894,51.96308725,24.85794183,1,0.307
Lamar_and_Manchca_Barton_skyway$Lamar_Blue_Bonnet,3,am_peak,851,58.76615746,22.87779083,1,0.307
Lamar_and_Manchca_Barton_skyway$Lamar_Blue_Bonnet,4,am_peak,772,44.77331606,27.30958549,1,0.307
Lamar_and_Manchca_Barton_skyway$Lamar_Blue_Bonnet,5,am_peak,304,35.77960526,32.22697368,1,0.307
Lamar_and_Manchca_Barton_skyway$Lamar_Blue_Bonnet,6,am_peak,223,36.01793722,31.70852018,1,0.307
Lamar_and_Manchca_Barton_skyway$Lamar_Blue_Bonnet,0,mid_day,1413,46.00849257,27.97947629,1,0.307
Lamar_and_Manchca_Barton_skyway$Lamar_Blue_Bonnet,1,mid_day,1535,48.7257329,27.30228013,1,0.307
Lamar_and_Manchca_Barton_skyway$Lamar_Blue_Bonnet,2,mid_day,1175,40.72170213,29.10978723,1,0.307
Lamar_and_Manchca_Barton_skyway$Lamar_Blue_Bonnet,3,mid_day,1135,70.04140969,23.94625551,1,0.307
Lamar_and_Manchca_Barton_skyway$Lamar_Blue_Bonnet,4,mid_day,1365,44.3978022,27.38681319,1,0.307
Lamar_and_Manchca_Barton_skyway$Lamar_Blue_Bonnet,5,mid_day,1137,56.77924362,24.24186456,1,0.307
Lamar_and_Manchca_Barton_skyway$Lamar_Blue_Bonnet,6,mid_day,1244,40.66961415,28.84083601,1,0.307
Lamar_and_Manchca_Barton_skyway$Lamar_Blue_Bonnet,0,pm_off,365,37.58630137,30.79726027,1,0.307
Lamar_and_Manchca_Barton_skyway$Lamar_Blue_Bonnet,1,pm_off,413,36.94915254,31.3220339,1,0.307
Lamar_and_Manchca_Barton_skyway$Lamar_Blue_Bonnet,2,pm_off,345,38.11304348,30.46956522,1,0.307
Lamar_and_Manchca_Barton_skyway$Lamar_Blue_Bonnet,3,pm_off,365,39.47945205,29.63013699,1,0.307
Lamar_and_Manchca_Barton_skyway$Lamar_Blue_Bonnet,4,pm_off,462,39.91558442,29.3961039,1,0.307
Lamar_and_Manchca_Barton_skyway$Lamar_Blue_Bonnet,5,pm_off,440,38.51818182,30.04318182,1,0.307
Lamar_and_Manchca_Barton_skyway$Lamar_Blue_Bonnet,6,pm_off,358,36.66201117,31.33519553,1,0.307
Lamar_and_Manchca_Barton_skyway$Lamar_Blue_Bonnet,0,pm_peak,949,42,28.53424658,1,0.307
Lamar_and_Manchca_Barton_skyway$Lamar_Blue_Bonnet,1,pm_peak,1013,44.970385,26.8094768,1,0.307
Lamar_and_Manchca_Barton_skyway$Lamar_Blue_Bonnet,2,pm_peak,813,46.91143911,25.83763838,1,0.307
Lamar_and_Manchca_Barton_skyway$Lamar_Blue_Bonnet,3,pm_peak,869,51.75258918,25.04027618,1,0.307
Lamar_and_Manchca_Barton_skyway$Lamar_Blue_Bonnet,4,pm_peak,833,48.93277311,24.81152461,1,0.307
Lamar_and_Manchca_Barton_skyway$Lamar_Blue_Bonnet,5,pm_peak,683,40.5636896,28.98389458,1,0.307
Lamar_and_Manchca_Barton_skyway$Lamar_Blue_Bonnet,6,pm_peak,776,38.41752577,30.24871134,1,0.307
Lamar_Blue_Bonnet$lamar_oltorf,0,am_off,73,48.83561644,34.93150685,2,0.45
Lamar_Blue_Bonnet$lamar_oltorf,1,am_off,73,45.93150685,36.39726027,2,0.45
Lamar_Blue_Bonnet$lamar_oltorf,2,am_off,60,52.8,33.05,2,0.45
Lamar_Blue_Bonnet$lamar_oltorf,3,am_off,55,47.36363636,35.56363636,2,0.45
Lamar_Blue_Bonnet$lamar_oltorf,4,am_off,72,49.06944444,34.375,2,0.45
Lamar_Blue_Bonnet$lamar_oltorf,5,am_off,116,50.99137931,33.38793103,2,0.45
Lamar_Blue_Bonnet$lamar_oltorf,6,am_off,152,47.82236842,35.22368421,2,0.45
Lamar_Blue_Bonnet$lamar_oltorf,0,am_peak,726,70.82782369,26.95041322,2,0.45
Lamar_Blue_Bonnet$lamar_oltorf,1,am_peak,871,85.60160735,24.08036739,2,0.45
Lamar_Blue_Bonnet$lamar_oltorf,2,am_peak,689,73.6850508,25.68795356,2,0.45
Lamar_Blue_Bonnet$lamar_oltorf,3,am_peak,732,81.08060109,24.07923497,2,0.45
Lamar_Blue_Bonnet$lamar_oltorf,4,am_peak,594,59.88720539,29.4983165,2,0.45
Lamar_Blue_Bonnet$lamar_oltorf,5,am_peak,217,51.43317972,33.21198157,2,0.45
Lamar_Blue_Bonnet$lamar_oltorf,6,am_peak,204,49.95588235,34.04411765,2,0.45
Lamar_Blue_Bonnet$lamar_oltorf,0,mid_day,1218,61.0180624,28.30295567,2,0.45
Lamar_Blue_Bonnet$lamar_oltorf,1,mid_day,1183,64.18258664,26.84868977,2,0.45
Lamar_Blue_Bonnet$lamar_oltorf,2,mid_day,976,65.48770492,26.81864754,2,0.45
Lamar_Blue_Bonnet$lamar_oltorf,3,mid_day,879,78.37428896,24.97155859,2,0.45
Lamar_Blue_Bonnet$lamar_oltorf,4,mid_day,1115,66.78565022,26.19641256,2,0.45
Lamar_Blue_Bonnet$lamar_oltorf,5,mid_day,927,74.22222222,23.97950378,2,0.45
Lamar_Blue_Bonnet$lamar_oltorf,6,mid_day,1036,65.29150579,26.50772201,2,0.45
Lamar_Blue_Bonnet$lamar_oltorf,0,pm_off,357,54.45378151,31.06442577,2,0.45
Lamar_Blue_Bonnet$lamar_oltorf,1,pm_off,359,54.64623955,30.73259053,2,0.45
Lamar_Blue_Bonnet$lamar_oltorf,2,pm_off,283,56.86572438,29.71024735,2,0.45
Lamar_Blue_Bonnet$lamar_oltorf,3,pm_off,317,58.52681388,29.06940063,2,0.45
Lamar_Blue_Bonnet$lamar_oltorf,4,pm_off,397,59.33753149,28.64735516,2,0.45
Lamar_Blue_Bonnet$lamar_oltorf,5,pm_off,405,58.51604938,28.89135802,2,0.45
Lamar_Blue_Bonnet$lamar_oltorf,6,pm_off,286,51.38811189,32.68531469,2,0.45
Lamar_Blue_Bonnet$lamar_oltorf,0,pm_peak,775,61.79741935,27.85290323,2,0.45
Lamar_Blue_Bonnet$lamar_oltorf,1,pm_peak,834,67.91366906,25.57074341,2,0.45
Lamar_Blue_Bonnet$lamar_oltorf,2,pm_peak,676,67.15384615,25.95857988,2,0.45
Lamar_Blue_Bonnet$lamar_oltorf,3,pm_peak,697,71.88522238,24.47345768,2,0.45
Lamar_Blue_Bonnet$lamar_oltorf,4,pm_peak,655,72.67938931,24.19236641,2,0.45
Lamar_Blue_Bonnet$lamar_oltorf,5,pm_peak,585,64.67521368,26.75042735,2,0.45
Lamar_Blue_Bonnet$lamar_oltorf,6,pm_peak,672,59.02827381,29.04613095,2,0.45
lamar_oltorf$lamar_lamar_square,0,am_off,67,59.11940299,38.46268657,3,0.61
lamar_oltorf$lamar_lamar_square,1,am_off,53,59.8490566,39.05660377,3,0.61
lamar_oltorf$lamar_lamar_square,2,am_off,46,58.41304348,39.08695652,3,0.61
lamar_oltorf$lamar_lamar_square,3,am_off,64,59.671875,38.96875,3,0.61
lamar_oltorf$lamar_lamar_square,4,am_off,62,68.0483871,35.27419355,3,0.61
lamar_oltorf$lamar_lamar_square,5,am_off,81,75.49382716,33.2962963,3,0.61
lamar_oltorf$lamar_lamar_square,6,am_off,136,63.125,35.74264706,3,0.61
lamar_oltorf$lamar_lamar_square,0,am_peak,566,98.50353357,29.61837456,3,0.61
lamar_oltorf$lamar_lamar_square,1,am_peak,687,142.7030568,24.85443959,3,0.61
lamar_oltorf$lamar_lamar_square,2,am_peak,516,114.3023256,26.11627907,3,0.61
lamar_oltorf$lamar_lamar_square,3,am_peak,571,106.1611208,27.21190893,3,0.61
lamar_oltorf$lamar_lamar_square,4,am_peak,542,70.8597786,32.48339483,3,0.61
lamar_oltorf$lamar_lamar_square,5,am_peak,194,70.8814433,34.65979381,3,0.61
lamar_oltorf$lamar_lamar_square,6,am_peak,159,66.93081761,34.20754717,3,0.61
lamar_oltorf$lamar_lamar_square,0,mid_day,882,73.25623583,31.07142857,3,0.61
lamar_oltorf$lamar_lamar_square,1,mid_day,905,75.70497238,30.14143646,3,0.61
lamar_oltorf$lamar_lamar_square,2,mid_day,761,75.0499343,30.38501971,3,0.61
lamar_oltorf$lamar_lamar_square,3,mid_day,710,75.01549296,30.38450704,3,0.61
lamar_oltorf$lamar_lamar_square,4,mid_day,854,79.14754098,29.07142857,3,0.61
lamar_oltorf$lamar_lamar_square,5,mid_day,712,86.34691011,27.76685393,3,0.61
lamar_oltorf$lamar_lamar_square,6,mid_day,803,75.35491905,30.26400996,3,0.61
lamar_oltorf$lamar_lamar_square,0,pm_off,250,68.624,32.928,3,0.61
lamar_oltorf$lamar_lamar_square,1,pm_off,286,69.89160839,32.4965035,3,0.61
lamar_oltorf$lamar_lamar_square,2,pm_off,234,72.04273504,31.66239316,3,0.61
lamar_oltorf$lamar_lamar_square,3,pm_off,251,75.27888446,30.51394422,3,0.61
lamar_oltorf$lamar_lamar_square,4,pm_off,302,75.08278146,30.30794702,3,0.61
lamar_oltorf$lamar_lamar_square,5,pm_off,330,73.01515152,31.1030303,3,0.61
lamar_oltorf$lamar_lamar_square,6,pm_off,248,68.07258065,33.33064516,3,0.61
lamar_oltorf$lamar_lamar_square,0,pm_peak,624,74.57051282,31.08814103,3,0.61
lamar_oltorf$lamar_lamar_square,1,pm_peak,646,77.41486068,29.88390093,3,0.61
lamar_oltorf$lamar_lamar_square,2,pm_peak,516,77.09496124,30.08914729,3,0.61
lamar_oltorf$lamar_lamar_square,3,pm_peak,521,74.93474088,30.67178503,3,0.61
lamar_oltorf$lamar_lamar_square,4,pm_peak,509,78.21611002,29.51866405,3,0.61
lamar_oltorf$lamar_lamar_square,5,pm_peak,462,76.4047619,29.81385281,3,0.61
lamar_oltorf$lamar_lamar_square,6,pm_peak,499,72.52905812,31.27655311,3,0.61
lamar_lamar_square$lamar_barton_springs,0,am_off,85,56.29411765,35.17647059,4,0.53
lamar_lamar_square$lamar_barton_springs,1,am_off,70,58.55714286,35.81428571,4,0.53
lamar_lamar_square$lamar_barton_springs,2,am_off,40,54.45,35.8,4,0.53
lamar_lamar_square$lamar_barton_springs,3,am_off,75,54.69333333,35.88,4,0.53
lamar_lamar_square$lamar_barton_springs,4,am_off,83,57.27710843,34.55421687,4,0.53
lamar_lamar_square$lamar_barton_springs,5,am_off,110,61.81818182,32.08181818,4,0.53
lamar_lamar_square$lamar_barton_springs,6,am_off,162,57.35185185,34.27160494,4,0.53
lamar_lamar_square$lamar_barton_springs,0,am_peak,535,131.9140187,20.97383178,4,0.53
lamar_lamar_square$lamar_barton_springs,1,am_peak,529,184.7088847,17.27599244,4,0.53
lamar_lamar_square$lamar_barton_springs,2,am_peak,503,180.7872763,17.26242545,4,0.53
lamar_lamar_square$lamar_barton_springs,3,am_peak,545,177.4513761,17.08440367,4,0.53
lamar_lamar_square$lamar_barton_springs,4,am_peak,512,84.65429688,25.46484375,4,0.53
lamar_lamar_square$lamar_barton_springs,5,am_peak,208,65.67307692,30.14423077,4,0.53
lamar_lamar_square$lamar_barton_springs,6,am_peak,190,61.13157895,32.09473684,4,0.53
lamar_lamar_square$lamar_barton_springs,0,mid_day,885,74.91638418,26.95932203,4,0.53
lamar_lamar_square$lamar_barton_springs,1,mid_day,834,82.77697842,24.60551559,4,0.53
lamar_lamar_square$lamar_barton_springs,2,mid_day,843,90.08896797,23.71055753,4,0.53
lamar_lamar_square$lamar_barton_springs,3,mid_day,822,79.04622871,25.62530414,4,0.53
lamar_lamar_square$lamar_barton_springs,4,mid_day,915,118.3967213,20.4863388,4,0.53
lamar_lamar_square$lamar_barton_springs,5,mid_day,719,141.2670376,17.6077886,4,0.53
lamar_lamar_square$lamar_barton_springs,6,mid_day,797,84.46047679,24.5608532,4,0.53
lamar_lamar_square$lamar_barton_springs,0,pm_off,275,67.05454545,29.63272727,4,0.53
lamar_lamar_square$lamar_barton_springs,1,pm_off,228,67.15350877,29.53508772,4,0.53
lamar_lamar_square$lamar_barton_springs,2,pm_off,274,73.18978102,27.5729927,4,0.53
lamar_lamar_square$lamar_barton_springs,3,pm_off,277,72.4801444,27.6967509,4,0.53
lamar_lamar_square$lamar_barton_springs,4,pm_off,307,75.21172638,26.85993485,4,0.53
lamar_lamar_square$lamar_barton_springs,5,pm_off,340,73.50882353,27.32058824,4,0.53
lamar_lamar_square$lamar_barton_springs,6,pm_off,266,67.17669173,29.67293233,4,0.53
lamar_lamar_square$lamar_barton_springs,0,pm_peak,551,74.28493648,27.13974592,4,0.53
lamar_lamar_square$lamar_barton_springs,1,pm_peak,462,99.15367965,23.64718615,4,0.53
lamar_lamar_square$lamar_barton_springs,2,pm_peak,515,80.1961165,25.58834951,4,0.53
lamar_lamar_square$lamar_barton_springs,3,pm_peak,486,76.59465021,26.5781893,4,0.53
lamar_lamar_square$lamar_barton_springs,4,pm_peak,489,85.8609407,24.48261759,4,0.53
lamar_lamar_square$lamar_barton_springs,5,pm_peak,442,88.6199095,23.24886878,4,0.53
lamar_lamar_square$lamar_barton_springs,6,pm_peak,488,75.14754098,26.79713115,4,0.53
lamar_barton_springs$lamar_riverside,0,am_off,102,30.16666667,34.74509804,5,0.264
lamar_barton_springs$lamar_riverside,1,am_off,80,27.875,36.7625,5,0.264
lamar_barton_springs$lamar_riverside,2,am_off,69,30.28985507,35.13043478,5,0.264
lamar_barton_springs$lamar_riverside,3,am_off,76,30.82894737,33.43421053,5,0.264
lamar_barton_springs$lamar_riverside,4,am_off,88,32.19318182,32.63636364,5,0.264
lamar_barton_springs$lamar_riverside,5,am_off,156,31.23717949,33.12820513,5,0.264
lamar_barton_springs$lamar_riverside,6,am_off,208,34.85576923,31.75961538,5,0.264
lamar_barton_springs$lamar_riverside,0,am_peak,716,55.73882682,23.38407821,5,0.264
lamar_barton_springs$lamar_riverside,1,am_peak,730,71.71780822,19.66164384,5,0.264
lamar_barton_springs$lamar_riverside,2,am_peak,699,64.51359084,20.61230329,5,0.264
lamar_barton_springs$lamar_riverside,3,am_peak,689,66.04063861,20.1436865,5,0.264
lamar_barton_springs$lamar_riverside,4,am_peak,589,40.29371817,28.56706282,5,0.264
lamar_barton_springs$lamar_riverside,5,am_peak,241,34.21576763,31.31120332,5,0.264
lamar_barton_springs$lamar_riverside,6,am_peak,243,36.22222222,29.53909465,5,0.264
lamar_barton_springs$lamar_riverside,0,mid_day,1065,35.59624413,29.23943662,5,0.264
lamar_barton_springs$lamar_riverside,1,mid_day,969,37.35603715,28.57275542,5,0.264
lamar_barton_springs$lamar_riverside,2,mid_day,985,41.58172589,26.88832487,5,0.264
lamar_barton_springs$lamar_riverside,3,mid_day,926,37.63282937,28.05831533,5,0.264
lamar_barton_springs$lamar_riverside,4,mid_day,1042,55.58445298,23.61708253,5,0.264
lamar_barton_springs$lamar_riverside,5,mid_day,934,44.93147752,26.03211991,5,0.264
lamar_barton_springs$lamar_riverside,6,mid_day,985,37.65888325,28.1319797,5,0.264
lamar_barton_springs$lamar_riverside,0,pm_off,366,37.63387978,29.13114754,5,0.264
lamar_barton_springs$lamar_riverside,1,pm_off,339,36.92625369,28.89380531,5,0.264
lamar_barton_springs$lamar_riverside,2,pm_off,364,37.74725275,28.48626374,5,0.264
lamar_barton_springs$lamar_riverside,3,pm_off,381,37.92913386,28.90288714,5,0.264
lamar_barton_springs$lamar_riverside,4,pm_off,431,42.4037123,26.17169374,5,0.264
lamar_barton_springs$lamar_riverside,5,pm_off,398,38.32160804,27.99246231,5,0.264
lamar_barton_springs$lamar_riverside,6,pm_off,388,38.63402062,28.25515464,5,0.264
lamar_barton_springs$lamar_riverside,0,pm_peak,683,35.55051245,29.95754026,5,0.264
lamar_barton_springs$lamar_riverside,1,pm_peak,547,55.68555759,25.82815356,5,0.264
lamar_barton_springs$lamar_riverside,2,pm_peak,586,37.37372014,29.44197952,5,0.264
lamar_barton_springs$lamar_riverside,3,pm_peak,568,33.14964789,30.79225352,5,0.264
lamar_barton_springs$lamar_riverside,4,pm_peak,656,53.41463415,25.31402439,5,0.264
lamar_barton_springs$lamar_riverside,5,pm_peak,582,38.19243986,27.41924399,5,0.264
lamar_barton_springs$lamar_riverside,6,pm_peak,662,35.43202417,29.18731118,5,0.264
lamar_riverside$lamar_5th,0,am_off,43,48.62790698,32.39534884,6,0.426
lamar_riverside$lamar_5th,1,am_off,54,50.92592593,30.98148148,6,0.426
lamar_riverside$lamar_5th,2,am_off,55,50.01818182,31.8,6,0.426
lamar_riverside$lamar_5th,3,am_off,57,50.66666667,31.77192982,6,0.426
lamar_riverside$lamar_5th,4,am_off,85,50.90588235,31.43529412,6,0.426
lamar_riverside$lamar_5th,5,am_off,84,52.88095238,30.35714286,6,0.426
lamar_riverside$lamar_5th,6,am_off,128,53.5859375,30.7109375,6,0.426
lamar_riverside$lamar_5th,0,am_peak,492,119.2378049,15.0304878,6,0.426
lamar_riverside$lamar_5th,1,am_peak,505,127.6079208,14.64356436,6,0.426
lamar_riverside$lamar_5th,2,am_peak,482,116.7219917,15.41286307,6,0.426
lamar_riverside$lamar_5th,3,am_peak,487,131.4004107,13.41067762,6,0.426
lamar_riverside$lamar_5th,4,am_peak,334,99.96107784,17.96706587,6,0.426
lamar_riverside$lamar_5th,5,am_peak,109,60.78899083,27.52293578,6,0.426
lamar_riverside$lamar_5th,6,am_peak,138,55.65217391,29.14492754,6,0.426
lamar_riverside$lamar_5th,0,mid_day,696,85.30316092,21.70545977,6,0.426
lamar_riverside$lamar_5th,1,mid_day,743,100.526245,18.67025572,6,0.426
lamar_riverside$lamar_5th,2,mid_day,739,109.7997294,18.78890392,6,0.426
lamar_riverside$lamar_5th,3,mid_day,727,87.52819807,20.61485557,6,0.426
lamar_riverside$lamar_5th,4,mid_day,561,144.5115865,14.26737968,6,0.426
lamar_riverside$lamar_5th,5,mid_day,440,150.7340909,12.62045455,6,0.426
lamar_riverside$lamar_5th,6,mid_day,588,92.78401361,19.56462585,6,0.426
lamar_riverside$lamar_5th,0,pm_off,216,57.25,28.17592593,6,0.426
lamar_riverside$lamar_5th,1,pm_off,278,59.97482014,26.84892086,6,0.426
lamar_riverside$lamar_5th,2,pm_off,270,57.71111111,27.89259259,6,0.426
lamar_riverside$lamar_5th,3,pm_off,289,60.70934256,26.76124567,6,0.426
lamar_riverside$lamar_5th,4,pm_off,236,80.43644068,22.24152542,6,0.426
lamar_riverside$lamar_5th,5,pm_off,248,68.34274194,24.09677419,6,0.426
lamar_riverside$lamar_5th,6,pm_off,237,53.41350211,29.89873418,6,0.426
lamar_riverside$lamar_5th,0,pm_peak,481,73.76299376,23.12058212,6,0.426
lamar_riverside$lamar_5th,1,pm_peak,428,134.7476636,15.88084112,6,0.426
lamar_riverside$lamar_5th,2,pm_peak,456,119.1666667,16.76315789,6,0.426
lamar_riverside$lamar_5th,3,pm_peak,463,120.6522678,16.81857451,6,0.426
lamar_riverside$lamar_5th,4,pm_peak,286,140.6503497,16.47202797,6,0.426
lamar_riverside$lamar_5th,5,pm_peak,307,102.2996743,19.1237785,6,0.426
lamar_riverside$lamar_5th,6,pm_peak,440,71.86136364,24.01818182,6,0.426
lamar_5th$lamar_6th,0,am_off,218,37.43577982,13.39449541,7,0.095
lamar_5th$lamar_6th,1,am_off,299,38.11705686,14.07023411,7,0.095
lamar_5th$lamar_6th,2,am_off,135,32.44444444,17.32592593,7,0.095
lamar_5th$lamar_6th,3,am_off,351,33.58689459,16.04843305,7,0.095
lamar_5th$lamar_6th,4,am_off,298,32.77181208,17.23154362,7,0.095
lamar_5th$lamar_6th,5,am_off,161,34.08695652,15.77018634,7,0.095
lamar_5th$lamar_6th,6,am_off,314,31.72611465,16.39808917,7,0.095
lamar_5th$lamar_6th,0,am_peak,604,22.26324503,21.93377483,7,0.095
lamar_5th$lamar_6th,1,am_peak,651,23.66973886,20.87250384,7,0.095
lamar_5th$lamar_6th,2,am_peak,567,22.2345679,21.59435626,7,0.095
lamar_5th$lamar_6th,3,am_peak,654,23.78440367,20.82415902,7,0.095
lamar_5th$lamar_6th,4,am_peak,410,23.35853659,21.18536585,7,0.095
lamar_5th$lamar_6th,5,am_peak,180,33.28333333,16.83333333,7,0.095
lamar_5th$lamar_6th,6,am_peak,272,32.28676471,17.03308824,7,0.095
lamar_5th$lamar_6th,0,mid_day,798,25.27944862,19.65288221,7,0.095
lamar_5th$lamar_6th,1,mid_day,932,25.65665236,18.7972103,7,0.095
lamar_5th$lamar_6th,2,mid_day,968,26.18801653,19.31818182,7,0.095
lamar_5th$lamar_6th,3,mid_day,800,25.075,19.33875,7,0.095
lamar_5th$lamar_6th,4,mid_day,611,23.67757774,19.6202946,7,0.095
lamar_5th$lamar_6th,5,mid_day,574,26.13240418,18.5174216,7,0.095
lamar_5th$lamar_6th,6,mid_day,778,28.70437018,18.11053985,7,0.095
lamar_5th$lamar_6th,0,pm_off,314,30.00636943,17.80573248,7,0.095
lamar_5th$lamar_6th,1,pm_off,333,24.25525526,19.57357357,7,0.095
lamar_5th$lamar_6th,2,pm_off,395,27.7443038,18.90886076,7,0.095
lamar_5th$lamar_6th,3,pm_off,443,27.24604966,19.88713318,7,0.095
lamar_5th$lamar_6th,4,pm_off,252,25.67063492,19.73412698,7,0.095
lamar_5th$lamar_6th,5,pm_off,271,26.29520295,18.4797048,7,0.095
lamar_5th$lamar_6th,6,pm_off,337,28.89020772,19.00296736,7,0.095
lamar_5th$lamar_6th,0,pm_peak,531,20.49717514,22.18832392,7,0.095
lamar_5th$lamar_6th,1,pm_peak,516,19.51356589,22.69186047,7,0.095
lamar_5th$lamar_6th,2,pm_peak,550,19.54727273,22.01090909,7,0.095
lamar_5th$lamar_6th,3,pm_peak,534,20.17041199,21.90449438,7,0.095
lamar_5th$lamar_6th,4,pm_peak,360,20.80277778,21.63611111,7,0.095
lamar_5th$lamar_6th,5,pm_peak,337,27.91394659,17.51928783,7,0.095
lamar_5th$lamar_6th,6,pm_peak,438,24.33105023,21.02739726,7,0.095
lamar_6th$lamar_12th,0,am_off,87,42.08045977,35.33333333,8,0.398
lamar_6th$lamar_12th,1,am_off,72,41.81944444,35.75,8,0.398
lamar_6th$lamar_12th,2,am_off,54,45.37037037,33.94444444,8,0.398
lamar_6th$lamar_12th,3,am_off,67,47.49253731,32.67164179,8,0.398
lamar_6th$lamar_12th,4,am_off,72,47.31944444,33.45833333,8,0.398
lamar_6th$lamar_12th,5,am_off,145,44.71724138,34.36551724,8,0.398
lamar_6th$lamar_12th,6,am_off,167,46.32934132,32.62275449,8,0.398
lamar_6th$lamar_12th,0,am_peak,496,59.07258065,26.62701613,8,0.398
lamar_6th$lamar_12th,1,am_peak,608,56.94407895,27.27467105,8,0.398
lamar_6th$lamar_12th,2,am_peak,492,55.42276423,28.2601626,8,0.398
lamar_6th$lamar_12th,3,am_peak,496,58.52822581,26.70564516,8,0.398
lamar_6th$lamar_12th,4,am_peak,418,56.95215311,27.784689,8,0.398
lamar_6th$lamar_12th,5,am_peak,153,43.84313725,34.03267974,8,0.398
lamar_6th$lamar_12th,6,am_peak,104,43.95192308,34.16346154,8,0.398
lamar_6th$lamar_12th,0,mid_day,906,66.0419426,23.86203091,8,0.398
lamar_6th$lamar_12th,1,mid_day,1025,69.14146341,22.95512195,8,0.398
lamar_6th$lamar_12th,2,mid_day,844,70.70734597,22.49407583,8,0.398
lamar_6th$lamar_12th,3,mid_day,723,68.61964039,22.89211618,8,0.398
lamar_6th$lamar_12th,4,mid_day,924,78.41774892,20.52272727,8,0.398
lamar_6th$lamar_12th,5,mid_day,729,67.46364883,23.19615912,8,0.398
lamar_6th$lamar_12th,6,mid_day,749,59.38985314,26.15620828,8,0.398
lamar_6th$lamar_12th,0,pm_off,285,45.86666667,32.72280702,8,0.398
lamar_6th$lamar_12th,1,pm_off,365,50.10958904,30.87123288,8,0.398
lamar_6th$lamar_12th,2,pm_off,310,46.82258065,32.19354839,8,0.398
lamar_6th$lamar_12th,3,pm_off,303,48.51155116,31.23432343,8,0.398
lamar_6th$lamar_12th,4,pm_off,344,52.36918605,29.61627907,8,0.398
lamar_6th$lamar_12th,5,pm_off,346,48.86705202,31.08959538,8,0.398
lamar_6th$lamar_12th,6,pm_off,333,48.30930931,31.52852853,8,0.398
lamar_6th$lamar_12th,0,pm_peak,701,70.90870185,22.81740371,8,0.398
lamar_6th$lamar_12th,1,pm_peak,740,102.7310811,19.12432432,8,0.398
lamar_6th$lamar_12th,2,pm_peak,631,79.21236133,20.66719493,8,0.398
lamar_6th$lamar_12th,3,pm_peak,652,76.13343558,21.26226994,8,0.398
lamar_6th$lamar_12th,4,pm_peak,605,78.95702479,21.45619835,8,0.398
lamar_6th$lamar_12th,5,pm_peak,437,59.77116705,26.04576659,8,0.398
lamar_6th$lamar_12th,6,pm_peak,533,55.67917448,27.68105066,8,0.398
lamar_12th$lamar_mlk,0,am_off,61,53.18032787,34.83606557,9,0.501
lamar_12th$lamar_mlk,1,am_off,44,57.68181818,32.65909091,9,0.501
lamar_12th$lamar_mlk,2,am_off,46,55.93478261,33.84782609,9,0.501
lamar_12th$lamar_mlk,3,am_off,61,55.16393443,33.91803279,9,0.501
lamar_12th$lamar_mlk,4,am_off,63,56.65079365,33.03174603,9,0.501
lamar_12th$lamar_mlk,5,am_off,133,56.78947368,32.60150376,9,0.501
lamar_12th$lamar_mlk,6,am_off,178,62.20786517,30.89325843,9,0.501
lamar_12th$lamar_mlk,0,am_peak,400,61.0325,30.9825,9,0.501
lamar_12th$lamar_mlk,1,am_peak,462,58.65367965,32.04545455,9,0.501
lamar_12th$lamar_mlk,2,am_peak,425,61.92470588,30.72470588,9,0.501
lamar_12th$lamar_mlk,3,am_peak,412,61.74757282,30.62135922,9,0.501
lamar_12th$lamar_mlk,4,am_peak,379,64.18469657,29.83113456,9,0.501
lamar_12th$lamar_mlk,5,am_peak,128,58.4921875,32.515625,9,0.501
lamar_12th$lamar_mlk,6,am_peak,75,61.12,31.33333333,9,0.501
lamar_12th$lamar_mlk,0,mid_day,881,61.33825199,30.6538025,9,0.501
lamar_12th$lamar_mlk,1,mid_day,1097,63.05287147,29.97356427,9,0.501
lamar_12th$lamar_mlk,2,mid_day,889,66.65804274,28.97525309,9,0.501
lamar_12th$lamar_mlk,3,mid_day,816,62.29411765,30.2254902,9,0.501
lamar_12th$lamar_mlk,4,mid_day,948,68.62130802,27.89451477,9,0.501
lamar_12th$lamar_mlk,5,mid_day,783,59.68199234,31.30268199,9,0.501
lamar_12th$lamar_mlk,6,mid_day,779,59.08472401,31.57509628,9,0.501
lamar_12th$lamar_mlk,0,pm_off,277,56.15162455,33.22743682,9,0.501
lamar_12th$lamar_mlk,1,pm_off,327,57.12232416,32.62079511,9,0.501
lamar_12th$lamar_mlk,2,pm_off,303,58.23432343,32.31023102,9,0.501
lamar_12th$lamar_mlk,3,pm_off,284,60.77816901,31.16549296,9,0.501
lamar_12th$lamar_mlk,4,pm_off,329,62.17629179,30.57142857,9,0.501
lamar_12th$lamar_mlk,5,pm_off,307,60.71335505,30.95114007,9,0.501
lamar_12th$lamar_mlk,6,pm_off,307,58.69381107,32.02931596,9,0.501
lamar_12th$lamar_mlk,0,pm_peak,783,81.14048531,27.48914432,9,0.501
lamar_12th$lamar_mlk,1,pm_peak,798,131.3508772,21.60275689,9,0.501
lamar_12th$lamar_mlk,2,pm_peak,678,103.5648968,23.42625369,9,0.501
lamar_12th$lamar_mlk,3,pm_peak,690,90.59130435,25.31449275,9,0.501
lamar_12th$lamar_mlk,4,pm_peak,616,96.56655844,25.36363636,9,0.501
lamar_12th$lamar_mlk,5,pm_peak,453,56.67328918,32.62030905,9,0.501
lamar_12th$lamar_mlk,6,pm_peak,505,56.63762376,32.73465347,9,0.501
lamar_mlk$lamar_24th,0,am_off,70,38.38571429,34.41428571,10,0.36
lamar_mlk$lamar_24th,1,am_off,47,40.44680851,32.91489362,10,0.36
lamar_mlk$lamar_24th,2,am_off,49,37.97959184,34.73469388,10,0.36
lamar_mlk$lamar_24th,3,am_off,79,38.46835443,34.16455696,10,0.36
lamar_mlk$lamar_24th,4,am_off,95,39.31578947,33.61052632,10,0.36
lamar_mlk$lamar_24th,5,am_off,152,38.25657895,34.36842105,10,0.36
lamar_mlk$lamar_24th,6,am_off,200,39.37,33.55,10,0.36
lamar_mlk$lamar_24th,0,am_peak,394,45.76649746,29.81979695,10,0.36
lamar_mlk$lamar_24th,1,am_peak,460,46.20217391,29.58043478,10,0.36
lamar_mlk$lamar_24th,2,am_peak,421,47.84085511,28.6128266,10,0.36
lamar_mlk$lamar_24th,3,am_peak,403,48.6674938,28.17121588,10,0.36
lamar_mlk$lamar_24th,4,am_peak,358,46.60335196,29.38268156,10,0.36
lamar_mlk$lamar_24th,5,am_peak,121,39.19008264,33.89256198,10,0.36
lamar_mlk$lamar_24th,6,am_peak,86,38.51162791,34.30232558,10,0.36
lamar_mlk$lamar_24th,0,mid_day,1052,46.4486692,29.17395437,10,0.36
lamar_mlk$lamar_24th,1,mid_day,1282,47.96957878,28.42979719,10,0.36
lamar_mlk$lamar_24th,2,mid_day,1021,48.62781587,28.09598433,10,0.36
lamar_mlk$lamar_24th,3,mid_day,935,48.36684492,28.13582888,10,0.36
lamar_mlk$lamar_24th,4,mid_day,1134,54.9382716,26.04409171,10,0.36
lamar_mlk$lamar_24th,5,mid_day,796,47.17211055,28.80150754,10,0.36
lamar_mlk$lamar_24th,6,mid_day,807,44.12887237,30.5291202,10,0.36
lamar_mlk$lamar_24th,0,pm_off,297,40.90909091,32.59259259,10,0.36
lamar_mlk$lamar_24th,1,pm_off,345,39.97681159,33.17681159,10,0.36
lamar_mlk$lamar_24th,2,pm_off,306,40.29084967,32.82352941,10,0.36
lamar_mlk$lamar_24th,3,pm_off,332,42.0813253,31.72289157,10,0.36
lamar_mlk$lamar_24th,4,pm_off,367,43.60217984,31.08446866,10,0.36
lamar_mlk$lamar_24th,5,pm_off,346,42.08959538,31.71387283,10,0.36
lamar_mlk$lamar_24th,6,pm_off,329,40.7781155,32.59270517,10,0.36
lamar_mlk$lamar_24th,0,pm_peak,985,71.21928934,22.36954315,10,0.36
lamar_mlk$lamar_24th,1,pm_peak,1084,84.80350554,19.32287823,10,0.36
lamar_mlk$lamar_24th,2,pm_peak,905,83.26850829,19.15359116,10,0.36
lamar_mlk$lamar_24th,3,pm_peak,902,76.89467849,20.49667406,10,0.36
lamar_mlk$lamar_24th,4,pm_peak,800,77.11,20.705,10,0.36
lamar_mlk$lamar_24th,5,pm_peak,455,45.04395604,29.64835165,10,0.36
lamar_mlk$lamar_24th,6,pm_peak,525,42.89142857,31.11809524,10,0.36
lamar_24th$lamar_29th,0,am_off,35,93.25714286,34.65714286,11,0.891
lamar_24th$lamar_29th,1,am_off,21,89.85714286,35.95238095,11,0.891
lamar_24th$lamar_29th,2,am_off,20,92.7,34.85,11,0.891
lamar_24th$lamar_29th,3,am_off,40,92.9,34.9,11,0.891
lamar_24th$lamar_29th,4,am_off,55,90.41818182,35.74545455,11,0.891
lamar_24th$lamar_29th,5,am_off,91,90.87912088,35.64835165,11,0.891
lamar_24th$lamar_29th,6,am_off,130,92.86153846,35.17692308,11,0.891
lamar_24th$lamar_29th,0,am_peak,261,96.28735632,33.98467433,11,0.891
lamar_24th$lamar_29th,1,am_peak,350,94.9,34.29428571,11,0.891
lamar_24th$lamar_29th,2,am_peak,315,96.02857143,34.12063492,11,0.891
lamar_24th$lamar_29th,3,am_peak,284,100.3098592,32.58098592,11,0.891
lamar_24th$lamar_29th,4,am_peak,273,94.81684982,34.27838828,11,0.891
lamar_24th$lamar_29th,5,am_peak,92,91.08695652,35.56521739,11,0.891
lamar_24th$lamar_29th,6,am_peak,57,92.45614035,35.05263158,11,0.891
lamar_24th$lamar_29th,0,mid_day,748,98.45053476,33.21122995,11,0.891
lamar_24th$lamar_29th,1,mid_day,1015,101.6689655,32.37931034,11,0.891
lamar_24th$lamar_29th,2,mid_day,771,99.67055772,32.81841764,11,0.891
lamar_24th$lamar_29th,3,mid_day,756,103.6666667,31.69708995,11,0.891
lamar_24th$lamar_29th,4,mid_day,871,109.9770379,30.77267509,11,0.891
lamar_24th$lamar_29th,5,mid_day,641,99.59126365,32.83151326,11,0.891
lamar_24th$lamar_29th,6,mid_day,602,96.09136213,33.93853821,11,0.891
lamar_24th$lamar_29th,0,pm_off,196,93.44387755,34.55612245,11,0.891
lamar_24th$lamar_29th,1,pm_off,259,94.18146718,34.38223938,11,0.891
lamar_24th$lamar_29th,2,pm_off,177,92.7740113,34.88135593,11,0.891
lamar_24th$lamar_29th,3,pm_off,238,96.98319328,33.52521008,11,0.891
lamar_24th$lamar_29th,4,pm_off,235,98.53191489,33.02978723,11,0.891
lamar_24th$lamar_29th,5,pm_off,261,97.69731801,33.31800766,11,0.891
lamar_24th$lamar_29th,6,pm_off,235,93.4,34.64680851,11,0.891
lamar_24th$lamar_29th,0,pm_peak,737,121.0705563,28.45590231,11,0.891
lamar_24th$lamar_29th,1,pm_peak,826,149.279661,24.88983051,11,0.891
lamar_24th$lamar_29th,2,pm_peak,517,147.0502901,25.21856867,11,0.891
lamar_24th$lamar_29th,3,pm_peak,632,137.2325949,26.81012658,11,0.891
lamar_24th$lamar_29th,4,pm_peak,609,116.9622332,29.07389163,11,0.891
lamar_24th$lamar_29th,5,pm_peak,322,95.29813665,34.0310559,11,0.891
lamar_24th$lamar_29th,6,pm_peak,389,93.92802057,34.62982005,11,0.891
lamar_29th$lamar_38th,0,am_off,45,70.86666667,30.75555556,12,0.592
lamar_29th$lamar_38th,1,am_off,33,73.18181818,29.90909091,12,0.592
lamar_29th$lamar_38th,2,am_off,30,68.8,32.26666667,12,0.592
lamar_29th$lamar_38th,3,am_off,47,67.23404255,32.27659574,12,0.592
lamar_29th$lamar_38th,4,am_off,46,76.10869565,29.19565217,12,0.592
lamar_29th$lamar_38th,5,am_off,110,70.59090909,31.04545455,12,0.592
lamar_29th$lamar_38th,6,am_off,126,73.07142857,30.02380952,12,0.592
lamar_29th$lamar_38th,0,am_peak,223,102.7623318,22.28699552,12,0.592
lamar_29th$lamar_38th,1,am_peak,309,102.5501618,22.08090615,12,0.592
lamar_29th$lamar_38th,2,am_peak,245,97.92244898,23.01632653,12,0.592
lamar_29th$lamar_38th,3,am_peak,224,104.3616071,21.64732143,12,0.592
lamar_29th$lamar_38th,4,am_peak,237,102.8902954,22.24472574,12,0.592
lamar_29th$lamar_38th,5,am_peak,100,85.27,27.01,12,0.592
lamar_29th$lamar_38th,6,am_peak,75,82.2,28.13333333,12,0.592
lamar_29th$lamar_38th,0,mid_day,687,107.0975255,21.19068413,12,0.592
lamar_29th$lamar_38th,1,mid_day,952,121.2657563,19.22163866,12,0.592
lamar_29th$lamar_38th,2,mid_day,652,118.2300613,19.63496933,12,0.592
lamar_29th$lamar_38th,3,mid_day,659,121.5295903,19.15022762,12,0.592
lamar_29th$lamar_38th,4,mid_day,790,165.0898734,15.51012658,12,0.592
lamar_29th$lamar_38th,5,mid_day,638,102.2633229,21.84169279,12,0.592
lamar_29th$lamar_38th,6,mid_day,622,90.76688103,24.83762058,12,0.592
lamar_29th$lamar_38th,0,pm_off,222,88.0045045,25.48198198,12,0.592
lamar_29th$lamar_38th,1,pm_off,255,89.45490196,25.14901961,12,0.592
lamar_29th$lamar_38th,2,pm_off,167,87.50898204,25.66467066,12,0.592
lamar_29th$lamar_38th,3,pm_off,222,89.28828829,25.18018018,12,0.592
lamar_29th$lamar_38th,4,pm_off,252,92.95634921,24.00396825,12,0.592
lamar_29th$lamar_38th,5,pm_off,221,88.08144796,25.31674208,12,0.592
lamar_29th$lamar_38th,6,pm_off,219,86.01369863,25.78082192,12,0.592
lamar_29th$lamar_38th,0,pm_peak,701,160.4108417,16.41654779,12,0.592
lamar_29th$lamar_38th,1,pm_peak,828,203.173913,12.71376812,12,0.592
lamar_29th$lamar_38th,2,pm_peak,542,189.1881919,13.45202952,12,0.592
lamar_29th$lamar_38th,3,pm_peak,664,176.7078313,14.57228916,12,0.592
lamar_29th$lamar_38th,4,pm_peak,592,162.0709459,16.06081081,12,0.592
lamar_29th$lamar_38th,5,pm_peak,365,91.04383562,24.72054795,12,0.592
lamar_29th$lamar_38th,6,pm_peak,413,91.5811138,24.6464891,12,0.592
lamar_38th$lamar_45th,0,am_off,51,68.17647059,35.52941176,13,0.659
lamar_38th$lamar_45th,1,am_off,49,71.16326531,34.44897959,13,0.659
lamar_38th$lamar_45th,2,am_off,47,75.91489362,32.25531915,13,0.659
lamar_38th$lamar_45th,3,am_off,44,69.36363636,35.79545455,13,0.659
lamar_38th$lamar_45th,4,am_off,68,72.54411765,33.88235294,13,0.659
lamar_38th$lamar_45th,5,am_off,101,72.77227723,33.48514851,13,0.659
lamar_38th$lamar_45th,6,am_off,120,70.46666667,34.75,13,0.659
lamar_38th$lamar_45th,0,am_peak,191,76.32984293,32.22513089,13,0.659
lamar_38th$lamar_45th,1,am_peak,244,81.78278689,30.6557377,13,0.659
lamar_38th$lamar_45th,2,am_peak,224,79.44196429,31.31696429,13,0.659
lamar_38th$lamar_45th,3,am_peak,192,79.08333333,31.30208333,13,0.659
lamar_38th$lamar_45th,4,am_peak,198,82.53030303,30.30808081,13,0.659
lamar_38th$lamar_45th,5,am_peak,85,75.63529412,32.75294118,13,0.659
lamar_38th$lamar_45th,6,am_peak,54,83.09259259,29.74074074,13,0.659
lamar_38th$lamar_45th,0,mid_day,677,89.41654357,27.96602659,13,0.659
lamar_38th$lamar_45th,1,mid_day,827,95.56590085,26.25997582,13,0.659
lamar_38th$lamar_45th,2,mid_day,670,97.55671642,25.93731343,13,0.659
lamar_38th$lamar_45th,3,mid_day,665,95.91428571,26.09924812,13,0.659
lamar_38th$lamar_45th,4,mid_day,687,103.4614265,24.71615721,13,0.659
lamar_38th$lamar_45th,5,mid_day,549,91.59198543,27.06010929,13,0.659
lamar_38th$lamar_45th,6,mid_day,459,84.94771242,29.05010893,13,0.659
lamar_38th$lamar_45th,0,pm_off,232,78.60344828,31.38793103,13,0.659
lamar_38th$lamar_45th,1,pm_off,255,80.29019608,30.67058824,13,0.659
lamar_38th$lamar_45th,2,pm_off,236,79.47033898,30.97881356,13,0.659
lamar_38th$lamar_45th,3,pm_off,239,81.87866109,29.88284519,13,0.659
lamar_38th$lamar_45th,4,pm_off,219,86.38812785,28.57077626,13,0.659
lamar_38th$lamar_45th,5,pm_off,219,80.26484018,30.39726027,13,0.659
lamar_38th$lamar_45th,6,pm_off,235,79.35319149,31.1106383,13,0.659
lamar_38th$lamar_45th,0,pm_peak,554,108.4530686,24.25812274,13,0.659
lamar_38th$lamar_45th,1,pm_peak,675,140.7688889,20.1762963,13,0.659
lamar_38th$lamar_45th,2,pm_peak,562,122.3807829,21.72419929,13,0.659
lamar_38th$lamar_45th,3,pm_peak,540,116.65,22.77407407,13,0.659
lamar_38th$lamar_45th,4,pm_peak,485,116.4185567,23.65979381,13,0.659
lamar_38th$lamar_45th,5,pm_peak,311,84.21864952,28.92282958,13,0.659
lamar_38th$lamar_45th,6,pm_peak,339,82.19469027,30.06489676,13,0.659
lamar_45th$lamar_51st,0,am_off,51,71.17647059,29.96078431,14,0.565
lamar_45th$lamar_51st,1,am_off,47,74.59574468,29.12765957,14,0.565
lamar_45th$lamar_51st,2,am_off,36,78.58333333,27.52777778,14,0.565
lamar_45th$lamar_51st,3,am_off,48,79.95833333,26.9375,14,0.565
lamar_45th$lamar_51st,4,am_off,79,81.64556962,26.63291139,14,0.565
lamar_45th$lamar_51st,5,am_off,79,73.29113924,29.18987342,14,0.565
lamar_45th$lamar_51st,6,am_off,98,73.16326531,29.1122449,14,0.565
lamar_45th$lamar_51st,0,am_peak,165,82.93333333,26.07878788,14,0.565
lamar_45th$lamar_51st,1,am_peak,214,77.51401869,27.78037383,14,0.565
lamar_45th$lamar_51st,2,am_peak,187,79.3368984,27.12299465,14,0.565
lamar_45th$lamar_51st,3,am_peak,184,83.23913043,25.79347826,14,0.565
lamar_45th$lamar_51st,4,am_peak,195,80.70769231,26.92820513,14,0.565
lamar_45th$lamar_51st,5,am_peak,73,78.49315068,27.50684932,14,0.565
lamar_45th$lamar_51st,6,am_peak,45,72.68888889,28.71111111,14,0.565
lamar_45th$lamar_51st,0,mid_day,642,81.05140187,27.12616822,14,0.565
lamar_45th$lamar_51st,1,mid_day,702,87.39316239,25.16951567,14,0.565
lamar_45th$lamar_51st,2,mid_day,604,89.11589404,24.9884106,14,0.565
lamar_45th$lamar_51st,3,mid_day,544,87.61764706,25.29227941,14,0.565
lamar_45th$lamar_51st,4,mid_day,604,91.69039735,24.66721854,14,0.565
lamar_45th$lamar_51st,5,mid_day,435,93.92873563,22.56551724,14,0.565
lamar_45th$lamar_51st,6,mid_day,397,85.88664987,24.44836272,14,0.565
lamar_45th$lamar_51st,0,pm_off,219,79.85388128,26.84474886,14,0.565
lamar_45th$lamar_51st,1,pm_off,237,85.61603376,25.48101266,14,0.565
lamar_45th$lamar_51st,2,pm_off,213,82.32394366,26.21126761,14,0.565
lamar_45th$lamar_51st,3,pm_off,209,80.96172249,26.42583732,14,0.565
lamar_45th$lamar_51st,4,pm_off,212,84.96226415,25.66037736,14,0.565
lamar_45th$lamar_51st,5,pm_off,196,82.18367347,25.97959184,14,0.565
lamar_45th$lamar_51st,6,pm_off,210,84.78095238,25.30952381,14,0.565
lamar_45th$lamar_51st,0,pm_peak,387,146.9922481,21.13436693,14,0.565
lamar_45th$lamar_51st,1,pm_peak,404,198.5594059,15.73019802,14,0.565
lamar_45th$lamar_51st,2,pm_peak,323,211.0588235,15.13622291,14,0.565
lamar_45th$lamar_51st,3,pm_peak,332,141.0060241,19.54216867,14,0.565
lamar_45th$lamar_51st,4,pm_peak,333,157.1291291,19.46246246,14,0.565
lamar_45th$lamar_51st,5,pm_peak,250,88.572,23.516,14,0.565
lamar_45th$lamar_51st,6,pm_peak,289,86.20761246,24.39792388,14,0.565
lamar_51st$lamar_koenig,0,am_off,75,62.96,33.4,15,0.564
lamar_51st$lamar_koenig,1,am_off,67,70.41791045,32.40298507,15,0.564
lamar_51st$lamar_koenig,2,am_off,65,65.58461538,34.09230769,15,0.564
lamar_51st$lamar_koenig,3,am_off,93,66.01075269,32.43010753,15,0.564
lamar_51st$lamar_koenig,4,am_off,87,63.87356322,32.65517241,15,0.564
lamar_51st$lamar_koenig,5,am_off,108,71.07407407,32.10185185,15,0.564
lamar_51st$lamar_koenig,6,am_off,148,61.36486486,34.31081081,15,0.564
lamar_51st$lamar_koenig,0,am_peak,231,82.19047619,26.42857143,15,0.564
lamar_51st$lamar_koenig,1,am_peak,307,84.48208469,25.70032573,15,0.564
lamar_51st$lamar_koenig,2,am_peak,245,83.19183673,25.78367347,15,0.564
lamar_51st$lamar_koenig,3,am_peak,231,84.42857143,25.60606061,15,0.564
lamar_51st$lamar_koenig,4,am_peak,238,82.38655462,26.21008403,15,0.564
lamar_51st$lamar_koenig,5,am_peak,125,72.768,30.736,15,0.564
lamar_51st$lamar_koenig,6,am_peak,78,61.64102564,34.42307692,15,0.564
lamar_51st$lamar_koenig,0,mid_day,823,85.82260024,25.32806804,15,0.564
lamar_51st$lamar_koenig,1,mid_day,932,92.7167382,23.85300429,15,0.564
lamar_51st$lamar_koenig,2,mid_day,751,90.86418109,23.9747004,15,0.564
lamar_51st$lamar_koenig,3,mid_day,756,91.50661376,23.90740741,15,0.564
lamar_51st$lamar_koenig,4,mid_day,832,101.7475962,21.69951923,15,0.564
lamar_51st$lamar_koenig,5,mid_day,659,95.75872534,23.02731411,15,0.564
lamar_51st$lamar_koenig,6,mid_day,605,82.98016529,26.63305785,15,0.564
lamar_51st$lamar_koenig,0,pm_off,252,69.78174603,30.51587302,15,0.564
lamar_51st$lamar_koenig,1,pm_off,339,70.96755162,30.17699115,15,0.564
lamar_51st$lamar_koenig,2,pm_off,283,72.50530035,29.4204947,15,0.564
lamar_51st$lamar_koenig,3,pm_off,310,74.26774194,29.03870968,15,0.564
lamar_51st$lamar_koenig,4,pm_off,323,76.67801858,28.13003096,15,0.564
lamar_51st$lamar_koenig,5,pm_off,231,73.04761905,29.61038961,15,0.564
lamar_51st$lamar_koenig,6,pm_off,288,68.11111111,31.17361111,15,0.564
lamar_51st$lamar_koenig,0,pm_peak,499,95.27655311,23.36272545,15,0.564
lamar_51st$lamar_koenig,1,pm_peak,706,118.8824363,19.31869688,15,0.564
lamar_51st$lamar_koenig,2,pm_peak,569,113.2478032,20.14235501,15,0.564
lamar_51st$lamar_koenig,3,pm_peak,586,104.1569966,21.37542662,15,0.564
lamar_51st$lamar_koenig,4,pm_peak,543,108.1307551,20.98710866,15,0.564
lamar_51st$lamar_koenig,5,pm_peak,417,90.05755396,24.49640288,15,0.564
lamar_51st$lamar_koenig,6,pm_peak,404,80.15346535,27.22029703,15,0.564
lamar_koenig$lamar_airport,0,am_off,55,105.0181818,35.14545455,16,0.924
lamar_koenig$lamar_airport,1,am_off,42,106.6428571,33.33333333,16,0.924
lamar_koenig$lamar_airport,2,am_off,48,100.2916667,34.25,16,0.924
lamar_koenig$lamar_airport,3,am_off,55,94.03636364,36.16363636,16,0.924
lamar_koenig$lamar_airport,4,am_off,60,105.4666667,34.68333333,16,0.924
lamar_koenig$lamar_airport,5,am_off,71,98.1971831,35.11267606,16,0.924
lamar_koenig$lamar_airport,6,am_off,109,99.9266055,34.14678899,16,0.924
lamar_koenig$lamar_airport,0,am_peak,181,124.6906077,29.07734807,16,0.924
lamar_koenig$lamar_airport,1,am_peak,248,134.2056452,27.42741935,16,0.924
lamar_koenig$lamar_airport,2,am_peak,161,132.1304348,28.17391304,16,0.924
lamar_koenig$lamar_airport,3,am_peak,180,132.3,27.3,16,0.924
lamar_koenig$lamar_airport,4,am_peak,185,135.8,27.03783784,16,0.924
lamar_koenig$lamar_airport,5,am_peak,86,109.2790698,33.6744186,16,0.924
lamar_koenig$lamar_airport,6,am_peak,66,102.3939394,33.86363636,16,0.924
lamar_koenig$lamar_airport,0,mid_day,583,131.7993139,27.61406518,16,0.924
lamar_koenig$lamar_airport,1,mid_day,647,140.61051,26.31684699,16,0.924
lamar_koenig$lamar_airport,2,mid_day,506,144.4288538,25.78853755,16,0.924
lamar_koenig$lamar_airport,3,mid_day,515,136.6621359,26.85825243,16,0.924
lamar_koenig$lamar_airport,4,mid_day,496,144.6834677,25.86895161,16,0.924
lamar_koenig$lamar_airport,5,mid_day,433,121.9699769,29.46189376,16,0.924
lamar_koenig$lamar_airport,6,mid_day,404,105.8341584,32.62623762,16,0.924
lamar_koenig$lamar_airport,0,pm_off,173,109.132948,31.47398844,16,0.924
lamar_koenig$lamar_airport,1,pm_off,240,114.575,29.95416667,16,0.924
lamar_koenig$lamar_airport,2,pm_off,190,116.3578947,29.67894737,16,0.924
lamar_koenig$lamar_airport,3,pm_off,187,121.2834225,28.56684492,16,0.924
lamar_koenig$lamar_airport,4,pm_off,217,120.5069124,28.64516129,16,0.924
lamar_koenig$lamar_airport,5,pm_off,175,124.0114286,28.41142857,16,0.924
lamar_koenig$lamar_airport,6,pm_off,189,117.8624339,29.24338624,16,0.924
lamar_koenig$lamar_airport,0,pm_peak,330,193.2848485,21.66666667,16,0.924
lamar_koenig$lamar_airport,1,pm_peak,429,232.1002331,19.07226107,16,0.924
lamar_koenig$lamar_airport,2,pm_peak,359,219.0696379,19.55431755,16,0.924
lamar_koenig$lamar_airport,3,pm_peak,374,199.1149733,21.22994652,16,0.924
lamar_koenig$lamar_airport,4,pm_peak,344,182.744186,22.31104651,16,0.924
lamar_koenig$lamar_airport,5,pm_peak,297,130.4781145,28.15151515,16,0.924
lamar_koenig$lamar_airport,6,pm_peak,288,106.7395833,32.23263889,16,0.924
lamar_airport$lamar_morrow,0,am_off,89,51.76404494,35.56179775,17,0.493
lamar_airport$lamar_morrow,1,am_off,86,52.74418605,34.94186047,17,0.493
lamar_airport$lamar_morrow,2,am_off,69,51.69565217,35.13043478,17,0.493
lamar_airport$lamar_morrow,3,am_off,99,51.44444444,35.73737374,17,0.493
lamar_airport$lamar_morrow,4,am_off,91,51.82417582,35.04395604,17,0.493
lamar_airport$lamar_morrow,5,am_off,113,53.34513274,34.46902655,17,0.493
lamar_airport$lamar_morrow,6,am_off,160,51.78125,35.4875,17,0.493
lamar_airport$lamar_morrow,0,am_peak,329,63.82066869,30.55015198,17,0.493
lamar_airport$lamar_morrow,1,am_peak,408,68.46568627,28.51470588,17,0.493
lamar_airport$lamar_morrow,2,am_peak,312,66.74358974,29.23397436,17,0.493
lamar_airport$lamar_morrow,3,am_peak,322,69.89130435,28.16770186,17,0.493
lamar_airport$lamar_morrow,4,am_peak,305,67.56393443,28.6,17,0.493
lamar_airport$lamar_morrow,5,am_peak,155,51.47741935,36.08387097,17,0.493
lamar_airport$lamar_morrow,6,am_peak,99,48.46464646,37.66666667,17,0.493
lamar_airport$lamar_morrow,0,mid_day,980,77.05714286,25.40918367,17,0.493
lamar_airport$lamar_morrow,1,mid_day,1092,82.28754579,23.93956044,17,0.493
lamar_airport$lamar_morrow,2,mid_day,863,80.03707995,24.55040556,17,0.493
lamar_airport$lamar_morrow,3,mid_day,890,82.45730337,23.69775281,17,0.493
lamar_airport$lamar_morrow,4,mid_day,944,84.63559322,23.28389831,17,0.493
lamar_airport$lamar_morrow,5,mid_day,734,69.79836512,27.6866485,17,0.493
lamar_airport$lamar_morrow,6,mid_day,654,59.70183486,31.52905199,17,0.493
lamar_airport$lamar_morrow,0,pm_off,299,53.29431438,34.49498328,17,0.493
lamar_airport$lamar_morrow,1,pm_off,329,55.05167173,33.63525836,17,0.493
lamar_airport$lamar_morrow,2,pm_off,285,56.36842105,32.90175439,17,0.493
lamar_airport$lamar_morrow,3,pm_off,299,56.73244147,32.83946488,17,0.493
lamar_airport$lamar_morrow,4,pm_off,325,57.43384615,32.14769231,17,0.493
lamar_airport$lamar_morrow,5,pm_off,258,58.39147287,31.79069767,17,0.493
lamar_airport$lamar_morrow,6,pm_off,249,53.47389558,34.19678715,17,0.493
lamar_airport$lamar_morrow,0,pm_peak,703,77.16358464,26.02560455,17,0.493
lamar_airport$lamar_morrow,1,pm_peak,798,84.3245614,23.75814536,17,0.493
lamar_airport$lamar_morrow,2,pm_peak,657,82.69254186,24.02891933,17,0.493
lamar_airport$lamar_morrow,3,pm_peak,696,78.3433908,25.43390805,17,0.493
lamar_airport$lamar_morrow,4,pm_peak,607,79.12685338,25.30971993,17,0.493
lamar_airport$lamar_morrow,5,pm_peak,406,63.18965517,30.02955665,17,0.493
lamar_airport$lamar_morrow,6,pm_peak,431,54.63805104,34.10208817,17,0.493
lamar_morrow$lamar_payton_gin,0,am_off,35,123.4,42.08571429,18,1.31
lamar_morrow$lamar_payton_gin,1,am_off,12,114,41.66666667,18,1.31
lamar_morrow$lamar_payton_gin,2,am_off,18,120.8333333,40.66666667,18,1.31
lamar_morrow$lamar_payton_gin,3,am_off,35,112.4571429,42.48571429,18,1.31
lamar_morrow$lamar_payton_gin,4,am_off,29,114.4482759,41.82758621,18,1.31
lamar_morrow$lamar_payton_gin,5,am_off,52,112.25,43.01923077,18,1.31
lamar_morrow$lamar_payton_gin,6,am_off,78,113.3205128,42.96153846,18,1.31
lamar_morrow$lamar_payton_gin,0,am_peak,120,114.7916667,41.525,18,1.31
lamar_morrow$lamar_payton_gin,1,am_peak,159,122.0125786,40.14465409,18,1.31
lamar_morrow$lamar_payton_gin,2,am_peak,131,126.259542,41.26717557,18,1.31
lamar_morrow$lamar_payton_gin,3,am_peak,117,124.5982906,39.43589744,18,1.31
lamar_morrow$lamar_payton_gin,4,am_peak,106,117.7169811,40.61320755,18,1.31
lamar_morrow$lamar_payton_gin,5,am_peak,68,131.0735294,41.27941176,18,1.31
lamar_morrow$lamar_payton_gin,6,am_peak,53,144.0943396,40.20754717,18,1.31
lamar_morrow$lamar_payton_gin,0,mid_day,473,120.0295983,40.19027484,18,1.31
lamar_morrow$lamar_payton_gin,1,mid_day,505,120.7326733,39.7980198,18,1.31
lamar_morrow$lamar_payton_gin,2,mid_day,372,117.5833333,40.65322581,18,1.31
lamar_morrow$lamar_payton_gin,3,mid_day,431,122.4849188,39.93967517,18,1.31
lamar_morrow$lamar_payton_gin,4,mid_day,397,119.5214106,40.67758186,18,1.31
lamar_morrow$lamar_payton_gin,5,mid_day,352,120.7443182,40.16193182,18,1.31
lamar_morrow$lamar_payton_gin,6,mid_day,347,115.9913545,41.23631124,18,1.31
lamar_morrow$lamar_payton_gin,0,pm_off,160,112.38125,42.2625,18,1.31
lamar_morrow$lamar_payton_gin,1,pm_off,168,116.077381,42.05952381,18,1.31
lamar_morrow$lamar_payton_gin,2,pm_off,163,118.1288344,41.43558282,18,1.31
lamar_morrow$lamar_payton_gin,3,pm_off,141,115.6028369,41.80141844,18,1.31
lamar_morrow$lamar_payton_gin,4,pm_off,183,117.136612,40.67213115,18,1.31
lamar_morrow$lamar_payton_gin,5,pm_off,142,124.971831,40.95774648,18,1.31
lamar_morrow$lamar_payton_gin,6,pm_off,137,114.0145985,42.00729927,18,1.31
lamar_morrow$lamar_payton_gin,0,pm_peak,398,131.258794,37.3241206,18,1.31
lamar_morrow$lamar_payton_gin,1,pm_peak,460,135.4673913,36.51956522,18,1.31
lamar_morrow$lamar_payton_gin,2,pm_peak,351,126.991453,38.44159544,18,1.31
lamar_morrow$lamar_payton_gin,3,pm_peak,372,125.0430108,38.52956989,18,1.31
lamar_morrow$lamar_payton_gin,4,pm_peak,324,125.0123457,38.56790123,18,1.31
lamar_morrow$lamar_payton_gin,5,pm_peak,220,120.3590909,40.16363636,18,1.31
lamar_morrow$lamar_payton_gin,6,pm_peak,233,114.0729614,41.86266094,18,1.31
lamar_payton_gin$lamar_rundberg,0,am_off,174,43.09195402,37.40804598,19,0.422
lamar_payton_gin$lamar_rundberg,1,am_off,118,47.55084746,35.73728814,19,0.422
lamar_payton_gin$lamar_rundberg,2,am_off,114,41.28947368,39.38596491,19,0.422
lamar_payton_gin$lamar_rundberg,3,am_off,136,44.97794118,37.66911765,19,0.422
lamar_payton_gin$lamar_rundberg,4,am_off,131,46.19083969,35.64885496,19,0.422
lamar_payton_gin$lamar_rundberg,5,am_off,172,42.75581395,37.89534884,19,0.422
lamar_payton_gin$lamar_rundberg,6,am_off,249,43.25301205,37.58232932,19,0.422
lamar_payton_gin$lamar_rundberg,0,am_peak,424,51.19811321,32.64150943,19,0.422
lamar_payton_gin$lamar_rundberg,1,am_peak,490,53.6122449,31.53877551,19,0.422
lamar_payton_gin$lamar_rundberg,2,am_peak,479,49.97703549,33.37578288,19,0.422
lamar_payton_gin$lamar_rundberg,3,am_peak,488,55.16188525,30.68647541,19,0.422
lamar_payton_gin$lamar_rundberg,4,am_peak,475,50.74526316,32.70315789,19,0.422
lamar_payton_gin$lamar_rundberg,5,am_peak,266,47.69548872,34.96240602,19,0.422
lamar_payton_gin$lamar_rundberg,6,am_peak,236,43.77966102,37.11440678,19,0.422
lamar_payton_gin$lamar_rundberg,0,mid_day,1064,65.95394737,26.48966165,19,0.422
lamar_payton_gin$lamar_rundberg,1,mid_day,1213,68.69497115,25.92168178,19,0.422
lamar_payton_gin$lamar_rundberg,2,mid_day,1000,60.894,28.269,19,0.422
lamar_payton_gin$lamar_rundberg,3,mid_day,1012,60.52075099,28.29940711,19,0.422
lamar_payton_gin$lamar_rundberg,4,mid_day,1047,69.76599809,25.39063992,19,0.422
lamar_payton_gin$lamar_rundberg,5,mid_day,797,79.37515684,23.18820577,19,0.422
lamar_payton_gin$lamar_rundberg,6,mid_day,990,63.37272727,26.80606061,19,0.422
lamar_payton_gin$lamar_rundberg,0,pm_off,467,50.34261242,33.09207709,19,0.422
lamar_payton_gin$lamar_rundberg,1,pm_off,575,51.33913043,32.42782609,19,0.422
lamar_payton_gin$lamar_rundberg,2,pm_off,497,52.35211268,31.85311871,19,0.422
lamar_payton_gin$lamar_rundberg,3,pm_off,445,52.03370787,31.91910112,19,0.422
lamar_payton_gin$lamar_rundberg,4,pm_off,416,57.00480769,29.02163462,19,0.422
lamar_payton_gin$lamar_rundberg,5,pm_off,461,57.85683297,28.89370933,19,0.422
lamar_payton_gin$lamar_rundberg,6,pm_off,447,49.80313199,32.72930649,19,0.422
lamar_payton_gin$lamar_rundberg,0,pm_peak,670,92.28208955,22.65820896,19,0.422
lamar_payton_gin$lamar_rundberg,1,pm_peak,972,98.58950617,19.90432099,19,0.422
lamar_payton_gin$lamar_rundberg,2,pm_peak,745,85.34630872,21.60268456,19,0.422
lamar_payton_gin$lamar_rundberg,3,pm_peak,726,79.66942149,22.86225895,19,0.422
lamar_payton_gin$lamar_rundberg,4,pm_peak,700,109.97,18.01714286,19,0.422
lamar_payton_gin$lamar_rundberg,5,pm_peak,534,64.35205993,26.44007491,19,0.422
lamar_payton_gin$lamar_rundberg,6,pm_peak,599,58.77796327,28.12687813,19,0.422
lamar_rundberg$lamar_braker,0,am_off,53,224.1320755,29.73584906,20,1.45
lamar_rundberg$lamar_braker,1,am_off,32,250.15625,30.28125,20,1.45
lamar_rundberg$lamar_braker,2,am_off,57,228.2807018,30.87719298,20,1.45
lamar_rundberg$lamar_braker,3,am_off,45,285.2,27.22222222,20,1.45
lamar_rundberg$lamar_braker,4,am_off,38,290.3947368,27.47368421,20,1.45
lamar_rundberg$lamar_braker,5,am_off,49,201.2244898,31.53061224,20,1.45
lamar_rundberg$lamar_braker,6,am_off,71,219.4929577,29.50704225,20,1.45
lamar_rundberg$lamar_braker,0,am_peak,134,278.2910448,23.98507463,20,1.45
lamar_rundberg$lamar_braker,1,am_peak,163,257.9570552,24.38650307,20,1.45
lamar_rundberg$lamar_braker,2,am_peak,190,267.0210526,23.97368421,20,1.45
lamar_rundberg$lamar_braker,3,am_peak,163,264.803681,25.08588957,20,1.45
lamar_rundberg$lamar_braker,4,am_peak,162,273.7098765,23.56790123,20,1.45
lamar_rundberg$lamar_braker,5,am_peak,83,244.626506,27.15662651,20,1.45
lamar_rundberg$lamar_braker,6,am_peak,69,284.2463768,26.72463768,20,1.45
lamar_rundberg$lamar_braker,0,mid_day,343,318.7784257,20.53644315,20,1.45
lamar_rundberg$lamar_braker,1,mid_day,407,317.3734644,20.20884521,20,1.45
lamar_rundberg$lamar_braker,2,mid_day,334,270.6826347,22.58083832,20,1.45
lamar_rundberg$lamar_braker,3,mid_day,338,294.887574,21.96745562,20,1.45
lamar_rundberg$lamar_braker,4,mid_day,348,347.612069,18.8045977,20,1.45
lamar_rundberg$lamar_braker,5,mid_day,254,364.980315,17.71259843,20,1.45
lamar_rundberg$lamar_braker,6,mid_day,283,284.3886926,22.26855124,20,1.45
lamar_rundberg$lamar_braker,0,pm_off,111,233.4054054,25.99099099,20,1.45
lamar_rundberg$lamar_braker,1,pm_off,155,237.0322581,25.98709677,20,1.45
lamar_rundberg$lamar_braker,2,pm_off,135,257.7555556,24.62962963,20,1.45
lamar_rundberg$lamar_braker,3,pm_off,131,238.7328244,25.47328244,20,1.45
lamar_rundberg$lamar_braker,4,pm_off,135,253.3703704,23.34074074,20,1.45
lamar_rundberg$lamar_braker,5,pm_off,115,275.5304348,22.96521739,20,1.45
lamar_rundberg$lamar_braker,6,pm_off,125,283.424,23.952,20,1.45
lamar_rundberg$lamar_braker,0,pm_peak,221,308,20.67420814,20,1.45
lamar_rundberg$lamar_braker,1,pm_peak,326,327.9294479,19.21779141,20,1.45
lamar_rundberg$lamar_braker,2,pm_peak,231,270.2727273,21.38095238,20,1.45
lamar_rundberg$lamar_braker,3,pm_peak,256,279.3945313,21.234375,20,1.45
lamar_rundberg$lamar_braker,4,pm_peak,219,346.109589,18.13242009,20,1.45
lamar_rundberg$lamar_braker,5,pm_peak,157,294.5796178,21.67515924,20,1.45
lamar_rundberg$lamar_braker,6,pm_peak,196,280.8520408,22.40816327,20,1.45
lamar_braker$lamar_parmer,0,am_off,47,171.6595745,40.34042553,21,1.87
lamar_braker$lamar_parmer,1,am_off,42,226.1428571,35.95238095,21,1.87
lamar_braker$lamar_parmer,2,am_off,52,214.9807692,37.46153846,21,1.87
lamar_braker$lamar_parmer,3,am_off,32,184,38.53125,21,1.87
lamar_braker$lamar_parmer,4,am_off,44,194.4090909,37.84090909,21,1.87
lamar_braker$lamar_parmer,5,am_off,65,182.5230769,39.09230769,21,1.87
lamar_braker$lamar_parmer,6,am_off,82,193.0853659,37.75609756,21,1.87
lamar_braker$lamar_parmer,0,am_peak,183,232.9016393,33.36612022,21,1.87
lamar_braker$lamar_parmer,1,am_peak,268,197,35.67910448,21,1.87
lamar_braker$lamar_parmer,2,am_peak,228,217.1666667,33.62719298,21,1.87
lamar_braker$lamar_parmer,3,am_peak,212,216.3632075,33.72169811,21,1.87
lamar_braker$lamar_parmer,4,am_peak,220,199.2409091,35.26363636,21,1.87
lamar_braker$lamar_parmer,5,am_peak,154,201.3571429,37.09090909,21,1.87
lamar_braker$lamar_parmer,6,am_peak,123,176.601626,39.25203252,21,1.87
lamar_braker$lamar_parmer,0,mid_day,525,203.952381,34.09714286,21,1.87
lamar_braker$lamar_parmer,1,mid_day,530,202.6132075,34.47924528,21,1.87
lamar_braker$lamar_parmer,2,mid_day,426,211.5375587,33.84741784,21,1.87
lamar_braker$lamar_parmer,3,mid_day,370,200.9783784,34.45135135,21,1.87
lamar_braker$lamar_parmer,4,mid_day,454,235.0969163,32.25991189,21,1.87
lamar_braker$lamar_parmer,5,mid_day,476,212.052521,32.87815126,21,1.87
lamar_braker$lamar_parmer,6,mid_day,538,203.0446097,34.02788104,21,1.87
lamar_braker$lamar_parmer,0,pm_off,191,186.591623,37.31937173,21,1.87
lamar_braker$lamar_parmer,1,pm_off,197,194.7817259,35.78172589,21,1.87
lamar_braker$lamar_parmer,2,pm_off,161,206.9689441,36.67080745,21,1.87
lamar_braker$lamar_parmer,3,pm_off,169,202.1183432,34.78698225,21,1.87
lamar_braker$lamar_parmer,4,pm_off,217,196.8018433,35.40092166,21,1.87
lamar_braker$lamar_parmer,5,pm_off,181,196.5524862,35.4198895,21,1.87
lamar_braker$lamar_parmer,6,pm_off,191,195.5026178,35.76439791,21,1.87
lamar_braker$lamar_parmer,0,pm_peak,380,222.4315789,32.74210526,21,1.87
lamar_braker$lamar_parmer,1,pm_peak,451,257.1884701,29.33259424,21,1.87
lamar_braker$lamar_parmer,2,pm_peak,340,232.45,31.11470588,21,1.87
lamar_braker$lamar_parmer,3,pm_peak,332,238.3192771,31.29518072,21,1.87
lamar_braker$lamar_parmer,4,pm_peak,310,221.2129032,32.98387097,21,1.87
lamar_braker$lamar_parmer,5,pm_peak,309,201.579288,33.98381877,21,1.87
lamar_braker$lamar_parmer,6,pm_peak,357,193.7394958,35.45658263,21,1.87