segment,day,period,sample_size,travel_time,speed
lamar_12th$lamar_45th,0,am_off,17,325.0588235,33.82352941
lamar_12th$lamar_45th,0,am_peak,63,429.2063492,26.63492063
lamar_12th$lamar_45th,0,mid-day,215,434.2093023,26.11162791
lamar_12th$lamar_45th,0,pm_off,72,367.875,29.65277778
lamar_12th$lamar_45th,0,pm_peak,190,553.2210526,21.46842105
lamar_12th$lamar_45th,1,am_off,4,300.75,36
lamar_12th$lamar_45th,1,am_peak,87,395.7701149,27.87356322
lamar_12th$lamar_45th,1,mid-day,286,444.0629371,25.18181818
lamar_12th$lamar_45th,1,pm_off,90,400.0777778,29.2
lamar_12th$lamar_45th,1,pm_peak,228,723.25,17.59210526
lamar_12th$lamar_45th,2,am_peak,98,404.3673469,27.70408163
lamar_12th$lamar_45th,2,mid-day,259,467.96139,24.61776062
lamar_12th$lamar_45th,2,pm_off,85,381.8,28.77647059
lamar_12th$lamar_45th,2,pm_peak,170,633.4941176,18.97647059
lamar_12th$lamar_45th,3,am_off,8,326.75,33.375
lamar_12th$lamar_45th,3,am_peak,69,403.3623188,27.08695652
lamar_12th$lamar_45th,3,mid-day,199,451.040201,24.33668342
lamar_12th$lamar_45th,3,pm_off,78,378.1794872,28.75641026
lamar_12th$lamar_45th,3,pm_peak,185,593.3567568,20.47027027
lamar_12th$lamar_45th,4,am_off,19,339.0526316,32.36842105
lamar_12th$lamar_45th,4,am_peak,71,435.3521127,25.83098592
lamar_12th$lamar_45th,4,mid-day,264,551.0454545,21.58712121
lamar_12th$lamar_45th,4,pm_off,84,390.4166667,27.98809524
lamar_12th$lamar_45th,4,pm_peak,194,575.628866,21.24742268
lamar_12th$lamar_45th,5,am_off,36,343.3888889,32.41666667
lamar_12th$lamar_45th,5,am_peak,26,414.2307692,30.73076923
lamar_12th$lamar_45th,5,mid-day,229,419.7772926,26.41921397
lamar_12th$lamar_45th,5,pm_off,91,365.7252747,29.76923077
lamar_12th$lamar_45th,5,pm_peak,140,382.6857143,28.55714286
lamar_12th$lamar_45th,6,am_off,45,337.0222222,32.37777778
lamar_12th$lamar_45th,6,am_peak,10,484.1,26.7
lamar_12th$lamar_45th,6,mid-day,211,440.8625592,27.68246445
lamar_12th$lamar_45th,6,pm_off,88,389.4318182,29.06818182
lamar_12th$lamar_45th,6,pm_peak,142,380.2183099,29.23239437
lamar_12th$lamar_mlk,0,am_off,61,53.18032787,34.83606557
lamar_12th$lamar_mlk,0,am_peak,400,61.0325,30.9825
lamar_12th$lamar_mlk,0,mid-day,881,61.33825199,30.6538025
lamar_12th$lamar_mlk,0,pm_off,277,56.15162455,33.22743682
lamar_12th$lamar_mlk,0,pm_peak,783,81.14048531,27.48914432
lamar_12th$lamar_mlk,1,am_off,44,57.68181818,32.65909091
lamar_12th$lamar_mlk,1,am_peak,462,58.65367965,32.04545455
lamar_12th$lamar_mlk,1,mid-day,1097,63.05287147,29.97356427
lamar_12th$lamar_mlk,1,pm_off,327,57.12232416,32.62079511
lamar_12th$lamar_mlk,1,pm_peak,798,131.3508772,21.60275689
lamar_12th$lamar_mlk,2,am_off,46,55.93478261,33.84782609
lamar_12th$lamar_mlk,2,am_peak,425,61.92470588,30.72470588
lamar_12th$lamar_mlk,2,mid-day,889,66.65804274,28.97525309
lamar_12th$lamar_mlk,2,pm_off,303,58.23432343,32.31023102
lamar_12th$lamar_mlk,2,pm_peak,678,103.5648968,23.42625369
lamar_12th$lamar_mlk,3,am_off,61,55.16393443,33.91803279
lamar_12th$lamar_mlk,3,am_peak,412,61.74757282,30.62135922
lamar_12th$lamar_mlk,3,mid-day,816,62.29411765,30.2254902
lamar_12th$lamar_mlk,3,pm_off,284,60.77816901,31.16549296
lamar_12th$lamar_mlk,3,pm_peak,690,90.59130435,25.31449275
lamar_12th$lamar_mlk,4,am_off,63,56.65079365,33.03174603
lamar_12th$lamar_mlk,4,am_peak,379,64.18469657,29.83113456
lamar_12th$lamar_mlk,4,mid-day,948,68.62130802,27.89451477
lamar_12th$lamar_mlk,4,pm_off,329,62.17629179,30.57142857
lamar_12th$lamar_mlk,4,pm_peak,616,96.56655844,25.36363636
lamar_12th$lamar_mlk,5,am_off,133,56.78947368,32.60150376
lamar_12th$lamar_mlk,5,am_peak,128,58.4921875,32.515625
lamar_12th$lamar_mlk,5,mid-day,783,59.68199234,31.30268199
lamar_12th$lamar_mlk,5,pm_off,307,60.71335505,30.95114007
lamar_12th$lamar_mlk,5,pm_peak,453,56.67328918,32.62030905
lamar_12th$lamar_mlk,6,am_off,178,62.20786517,30.89325843
lamar_12th$lamar_mlk,6,am_peak,75,61.12,31.33333333
lamar_12th$lamar_mlk,6,mid-day,779,59.08472401,31.57509628
lamar_12th$lamar_mlk,6,pm_off,307,58.69381107,32.02931596
lamar_12th$lamar_mlk,6,pm_peak,505,56.63762376,32.73465347
lamar_24th$lamar_29th,0,am_off,35,93.25714286,34.65714286
lamar_24th$lamar_29th,0,am_peak,261,96.28735632,33.98467433
lamar_24th$lamar_29th,0,mid-day,748,98.45053476,33.21122995
lamar_24th$lamar_29th,0,pm_off,196,93.44387755,34.55612245
lamar_24th$lamar_29th,0,pm_peak,737,121.0705563,28.45590231
lamar_24th$lamar_29th,1,am_off,21,89.85714286,35.95238095
lamar_24th$lamar_29th,1,am_peak,350,94.9,34.29428571
lamar_24th$lamar_29th,1,mid-day,1015,101.6689655,32.37931034
lamar_24th$lamar_29th,1,pm_off,259,94.18146718,34.38223938
lamar_24th$lamar_29th,1,pm_peak,826,149.279661,24.88983051
lamar_24th$lamar_29th,2,am_off,20,92.7,34.85
lamar_24th$lamar_29th,2,am_peak,315,96.02857143,34.12063492
lamar_24th$lamar_29th,2,mid-day,771,99.67055772,32.81841764
lamar_24th$lamar_29th,2,pm_off,177,92.7740113,34.88135593
lamar_24th$lamar_29th,2,pm_peak,517,147.0502901,25.21856867
lamar_24th$lamar_29th,3,am_off,40,92.9,34.9
lamar_24th$lamar_29th,3,am_peak,284,100.3098592,32.58098592
lamar_24th$lamar_29th,3,mid-day,756,103.6666667,31.69708995
lamar_24th$lamar_29th,3,pm_off,238,96.98319328,33.52521008
lamar_24th$lamar_29th,3,pm_peak,632,137.2325949,26.81012658
lamar_24th$lamar_29th,4,am_off,55,90.41818182,35.74545455
lamar_24th$lamar_29th,4,am_peak,273,94.81684982,34.27838828
lamar_24th$lamar_29th,4,mid-day,871,109.9770379,30.77267509
lamar_24th$lamar_29th,4,pm_off,235,98.53191489,33.02978723
lamar_24th$lamar_29th,4,pm_peak,609,116.9622332,29.07389163
lamar_24th$lamar_29th,5,am_off,91,90.87912088,35.64835165
lamar_24th$lamar_29th,5,am_peak,92,91.08695652,35.56521739
lamar_24th$lamar_29th,5,mid-day,641,99.59126365,32.83151326
lamar_24th$lamar_29th,5,pm_off,261,97.69731801,33.31800766
lamar_24th$lamar_29th,5,pm_peak,322,95.29813665,34.0310559
lamar_24th$lamar_29th,6,am_off,130,92.86153846,35.17692308
lamar_24th$lamar_29th,6,am_peak,57,92.45614035,35.05263158
lamar_24th$lamar_29th,6,mid-day,602,96.09136213,33.93853821
lamar_24th$lamar_29th,6,pm_off,235,93.4,34.64680851
lamar_24th$lamar_29th,6,pm_peak,389,93.92802057,34.62982005
lamar_29th$lamar_38th,0,am_off,45,70.86666667,30.75555556
lamar_29th$lamar_38th,0,am_peak,223,102.7623318,22.28699552
lamar_29th$lamar_38th,0,mid-day,687,107.0975255,21.19068413
lamar_29th$lamar_38th,0,pm_off,222,88.0045045,25.48198198
lamar_29th$lamar_38th,0,pm_peak,701,160.4108417,16.41654779
lamar_29th$lamar_38th,1,am_off,33,73.18181818,29.90909091
lamar_29th$lamar_38th,1,am_peak,309,102.5501618,22.08090615
lamar_29th$lamar_38th,1,mid-day,952,121.2657563,19.22163866
lamar_29th$lamar_38th,1,pm_off,255,89.45490196,25.14901961
lamar_29th$lamar_38th,1,pm_peak,828,203.173913,12.71376812
lamar_29th$lamar_38th,2,am_off,30,68.8,32.26666667
lamar_29th$lamar_38th,2,am_peak,245,97.92244898,23.01632653
lamar_29th$lamar_38th,2,mid-day,652,118.2300613,19.63496933
lamar_29th$lamar_38th,2,pm_off,167,87.50898204,25.66467066
lamar_29th$lamar_38th,2,pm_peak,542,189.1881919,13.45202952
lamar_29th$lamar_38th,3,am_off,47,67.23404255,32.27659574
lamar_29th$lamar_38th,3,am_peak,224,104.3616071,21.64732143
lamar_29th$lamar_38th,3,mid-day,659,121.5295903,19.15022762
lamar_29th$lamar_38th,3,pm_off,222,89.28828829,25.18018018
lamar_29th$lamar_38th,3,pm_peak,664,176.7078313,14.57228916
lamar_29th$lamar_38th,4,am_off,46,76.10869565,29.19565217
lamar_29th$lamar_38th,4,am_peak,237,102.8902954,22.24472574
lamar_29th$lamar_38th,4,mid-day,790,165.0898734,15.51012658
lamar_29th$lamar_38th,4,pm_off,252,92.95634921,24.00396825
lamar_29th$lamar_38th,4,pm_peak,592,162.0709459,16.06081081
lamar_29th$lamar_38th,5,am_off,110,70.59090909,31.04545455
lamar_29th$lamar_38th,5,am_peak,100,85.27,27.01
lamar_29th$lamar_38th,5,mid-day,638,102.2633229,21.84169279
lamar_29th$lamar_38th,5,pm_off,221,88.08144796,25.31674208
lamar_29th$lamar_38th,5,pm_peak,365,91.04383562,24.72054795
lamar_29th$lamar_38th,6,am_off,126,73.07142857,30.02380952
lamar_29th$lamar_38th,6,am_peak,75,82.2,28.13333333
lamar_29th$lamar_38th,6,mid-day,622,90.76688103,24.83762058
lamar_29th$lamar_38th,6,pm_off,219,86.01369863,25.78082192
lamar_29th$lamar_38th,6,pm_peak,413,91.5811138,24.6464891
lamar_29th$lamar_morrow,0,am_off,1,336,41
lamar_29th$lamar_morrow,0,am_peak,13,641.1538462,22.76923077
lamar_29th$lamar_morrow,0,mid-day,99,775.3232323,21.66666667
lamar_29th$lamar_morrow,0,pm_off,14,509.7142857,27.57142857
lamar_29th$lamar_morrow,0,pm_peak,99,921.5252525,17.64646465
lamar_29th$lamar_morrow,1,am_off,1,451,30
lamar_29th$lamar_morrow,1,am_peak,34,585.5294118,24.41176471
lamar_29th$lamar_morrow,1,mid-day,130,705.7923077,21.71538462
lamar_29th$lamar_morrow,1,pm_off,25,516.8,27.72
lamar_29th$lamar_morrow,1,pm_peak,107,1179.233645,12.98130841
lamar_29th$lamar_morrow,2,am_off,1,475,29
lamar_29th$lamar_morrow,2,am_peak,21,641.4761905,23.47619048
lamar_29th$lamar_morrow,2,mid-day,94,736.1276596,20.46808511
lamar_29th$lamar_morrow,2,pm_off,19,522.2631579,27
lamar_29th$lamar_morrow,2,pm_peak,66,1153.924242,14.71212121
lamar_29th$lamar_morrow,3,am_off,1,388,35
lamar_29th$lamar_morrow,3,am_peak,19,747.6315789,22.73684211
lamar_29th$lamar_morrow,3,mid-day,98,800.9081633,20.07142857
lamar_29th$lamar_morrow,3,pm_off,21,693.6666667,26.38095238
lamar_29th$lamar_morrow,3,pm_peak,123,889.2276423,17.41463415
lamar_29th$lamar_morrow,4,am_off,1,503,27
lamar_29th$lamar_morrow,4,am_peak,18,679.3888889,24.27777778
lamar_29th$lamar_morrow,4,mid-day,125,949.872,17.688
lamar_29th$lamar_morrow,4,pm_off,32,607.90625,24.125
lamar_29th$lamar_morrow,4,pm_peak,96,963.6770833,15.83333333
lamar_29th$lamar_morrow,5,am_off,7,584.4285714,28.42857143
lamar_29th$lamar_morrow,5,am_peak,3,429.6666667,32.33333333
lamar_29th$lamar_morrow,5,mid-day,107,704.5700935,21.54205607
lamar_29th$lamar_morrow,5,pm_off,18,536.3888889,25.83333333
lamar_29th$lamar_morrow,5,pm_peak,51,596.3529412,23.60784314
lamar_29th$lamar_morrow,6,am_off,8,422.125,32.375
lamar_29th$lamar_morrow,6,mid-day,60,629.0166667,23.8
lamar_29th$lamar_morrow,6,pm_off,16,484.4375,28.5
lamar_29th$lamar_morrow,6,pm_peak,51,604.2745098,25.09803922
lamar_38th$lamar_45th,0,am_off,51,68.17647059,35.52941176
lamar_38th$lamar_45th,0,am_peak,191,76.32984293,32.22513089
lamar_38th$lamar_45th,0,mid-day,677,89.41654357,27.96602659
lamar_38th$lamar_45th,0,pm_off,232,78.60344828,31.38793103
lamar_38th$lamar_45th,0,pm_peak,554,108.4530686,24.25812274
lamar_38th$lamar_45th,1,am_off,49,71.16326531,34.44897959
lamar_38th$lamar_45th,1,am_peak,244,81.78278689,30.6557377
lamar_38th$lamar_45th,1,mid-day,827,95.56590085,26.25997582
lamar_38th$lamar_45th,1,pm_off,255,80.29019608,30.67058824
lamar_38th$lamar_45th,1,pm_peak,675,140.7688889,20.1762963
lamar_38th$lamar_45th,2,am_off,47,75.91489362,32.25531915
lamar_38th$lamar_45th,2,am_peak,224,79.44196429,31.31696429
lamar_38th$lamar_45th,2,mid-day,670,97.55671642,25.93731343
lamar_38th$lamar_45th,2,pm_off,236,79.47033898,30.97881356
lamar_38th$lamar_45th,2,pm_peak,562,122.3807829,21.72419929
lamar_38th$lamar_45th,3,am_off,44,69.36363636,35.79545455
lamar_38th$lamar_45th,3,am_peak,192,79.08333333,31.30208333
lamar_38th$lamar_45th,3,mid-day,665,95.91428571,26.09924812
lamar_38th$lamar_45th,3,pm_off,239,81.87866109,29.88284519
lamar_38th$lamar_45th,3,pm_peak,540,116.65,22.77407407
lamar_38th$lamar_45th,4,am_off,68,72.54411765,33.88235294
lamar_38th$lamar_45th,4,am_peak,198,82.53030303,30.30808081
lamar_38th$lamar_45th,4,mid-day,687,103.4614265,24.71615721
lamar_38th$lamar_45th,4,pm_off,219,86.38812785,28.57077626
lamar_38th$lamar_45th,4,pm_peak,485,116.4185567,23.65979381
lamar_38th$lamar_45th,5,am_off,101,72.77227723,33.48514851
lamar_38th$lamar_45th,5,am_peak,85,75.63529412,32.75294118
lamar_38th$lamar_45th,5,mid-day,549,91.59198543,27.06010929
lamar_38th$lamar_45th,5,pm_off,219,80.26484018,30.39726027
lamar_38th$lamar_45th,5,pm_peak,311,84.21864952,28.92282958
lamar_38th$lamar_45th,6,am_off,120,70.46666667,34.75
lamar_38th$lamar_45th,6,am_peak,54,83.09259259,29.74074074
lamar_38th$lamar_45th,6,mid-day,459,84.94771242,29.05010893
lamar_38th$lamar_45th,6,pm_off,235,79.35319149,31.1106383
lamar_38th$lamar_45th,6,pm_peak,339,82.19469027,30.06489676
lamar_38th$lamar_airport,0,am_off,5,322.8,32.4
lamar_38th$lamar_airport,0,am_peak,36,513.9722222,23.63888889
lamar_38th$lamar_airport,0,mid-day,140,444.7928571,24.42857143
lamar_38th$lamar_airport,0,pm_off,37,351.1891892,29.16216216
lamar_38th$lamar_airport,0,pm_peak,141,575.5460993,20.11347518
lamar_38th$lamar_airport,1,am_off,4,501.75,25.25
lamar_38th$lamar_airport,1,am_peak,55,438.8727273,25.10909091
lamar_38th$lamar_airport,1,mid-day,193,485.3834197,22.96373057
lamar_38th$lamar_airport,1,pm_off,46,373.8478261,27.97826087
lamar_38th$lamar_airport,1,pm_peak,121,788.322314,14.63636364
lamar_38th$lamar_airport,2,am_off,8,316.75,31.875
lamar_38th$lamar_airport,2,am_peak,29,382.3793103,27.24137931
lamar_38th$lamar_airport,2,mid-day,158,496.3924051,22.55696203
lamar_38th$lamar_airport,2,pm_off,48,382.375,27.66666667
lamar_38th$lamar_airport,2,pm_peak,96,704.8020833,16.98958333
lamar_38th$lamar_airport,3,am_off,4,339,29
lamar_38th$lamar_airport,3,am_peak,35,500.5142857,23.97142857
lamar_38th$lamar_airport,3,mid-day,159,501.1257862,22.48427673
lamar_38th$lamar_airport,3,pm_off,55,380.4545455,27.45454545
lamar_38th$lamar_airport,3,pm_peak,142,593.4577465,18.57746479
lamar_38th$lamar_airport,4,am_off,13,358.7692308,29.84615385
lamar_38th$lamar_airport,4,am_peak,35,394.2857143,25.82857143
lamar_38th$lamar_airport,4,mid-day,180,537.8555556,21.41666667
lamar_38th$lamar_airport,4,pm_off,42,395.5952381,25.64285714
lamar_38th$lamar_airport,4,pm_peak,111,656.972973,17.55855856
lamar_38th$lamar_airport,5,am_off,13,418.8461538,29.07692308
lamar_38th$lamar_airport,5,am_peak,10,627.7,26.5
lamar_38th$lamar_airport,5,mid-day,123,440.0813008,23.01626016
lamar_38th$lamar_airport,5,pm_off,34,391.2647059,25.32352941
lamar_38th$lamar_airport,5,pm_peak,89,433.7640449,23.6741573
lamar_38th$lamar_airport,6,am_off,10,315.4,32
lamar_38th$lamar_airport,6,am_peak,2,352,28
lamar_38th$lamar_airport,6,mid-day,89,478.4719101,24.46067416
lamar_38th$lamar_airport,6,pm_off,48,386.4375,27.22916667
lamar_38th$lamar_airport,6,pm_peak,79,456.8987342,24.79746835
lamar_45th$lamar_51st,0,am_off,51,71.17647059,29.96078431
lamar_45th$lamar_51st,0,am_peak,165,82.93333333,26.07878788
lamar_45th$lamar_51st,0,mid-day,642,81.05140187,27.12616822
lamar_45th$lamar_51st,0,pm_off,219,79.85388128,26.84474886
lamar_45th$lamar_51st,0,pm_peak,387,146.9922481,21.13436693
lamar_45th$lamar_51st,1,am_off,47,74.59574468,29.12765957
lamar_45th$lamar_51st,1,am_peak,214,77.51401869,27.78037383
lamar_45th$lamar_51st,1,mid-day,702,87.39316239,25.16951567
lamar_45th$lamar_51st,1,pm_off,237,85.61603376,25.48101266
lamar_45th$lamar_51st,1,pm_peak,404,198.5594059,15.73019802
lamar_45th$lamar_51st,2,am_off,36,78.58333333,27.52777778
lamar_45th$lamar_51st,2,am_peak,187,79.3368984,27.12299465
lamar_45th$lamar_51st,2,mid-day,604,89.11589404,24.9884106
lamar_45th$lamar_51st,2,pm_off,213,82.32394366,26.21126761
lamar_45th$lamar_51st,2,pm_peak,323,211.0588235,15.13622291
lamar_45th$lamar_51st,3,am_off,48,79.95833333,26.9375
lamar_45th$lamar_51st,3,am_peak,184,83.23913043,25.79347826
lamar_45th$lamar_51st,3,mid-day,544,87.61764706,25.29227941
lamar_45th$lamar_51st,3,pm_off,209,80.96172249,26.42583732
lamar_45th$lamar_51st,3,pm_peak,332,141.0060241,19.54216867
lamar_45th$lamar_51st,4,am_off,79,81.64556962,26.63291139
lamar_45th$lamar_51st,4,am_peak,195,80.70769231,26.92820513
lamar_45th$lamar_51st,4,mid-day,604,91.69039735,24.66721854
lamar_45th$lamar_51st,4,pm_off,212,84.96226415,25.66037736
lamar_45th$lamar_51st,4,pm_peak,333,157.1291291,19.46246246
lamar_45th$lamar_51st,5,am_off,79,73.29113924,29.18987342
lamar_45th$lamar_51st,5,am_peak,73,78.49315068,27.50684932
lamar_45th$lamar_51st,5,mid-day,435,93.92873563,22.56551724
lamar_45th$lamar_51st,5,pm_off,196,82.18367347,25.97959184
lamar_45th$lamar_51st,5,pm_peak,250,88.572,23.516
lamar_45th$lamar_51st,6,am_off,98,73.16326531,29.1122449
lamar_45th$lamar_51st,6,am_peak,45,72.68888889,28.71111111
lamar_45th$lamar_51st,6,mid-day,397,85.88664987,24.44836272
lamar_45th$lamar_51st,6,pm_off,210,84.78095238,25.30952381
lamar_45th$lamar_51st,6,pm_peak,289,86.20761246,24.39792388
lamar_51st$lamar_koenig,0,am_off,75,62.96,33.4
lamar_51st$lamar_koenig,0,am_peak,231,82.19047619,26.42857143
lamar_51st$lamar_koenig,0,mid-day,823,85.82260024,25.32806804
lamar_51st$lamar_koenig,0,pm_off,252,69.78174603,30.51587302
lamar_51st$lamar_koenig,0,pm_peak,499,95.27655311,23.36272545
lamar_51st$lamar_koenig,1,am_off,67,70.41791045,32.40298507
lamar_51st$lamar_koenig,1,am_peak,307,84.48208469,25.70032573
lamar_51st$lamar_koenig,1,mid-day,932,92.7167382,23.85300429
lamar_51st$lamar_koenig,1,pm_off,339,70.96755162,30.17699115
lamar_51st$lamar_koenig,1,pm_peak,706,118.8824363,19.31869688
lamar_51st$lamar_koenig,2,am_off,65,65.58461538,34.09230769
lamar_51st$lamar_koenig,2,am_peak,245,83.19183673,25.78367347
lamar_51st$lamar_koenig,2,mid-day,751,90.86418109,23.9747004
lamar_51st$lamar_koenig,2,pm_off,283,72.50530035,29.4204947
lamar_51st$lamar_koenig,2,pm_peak,569,113.2478032,20.14235501
lamar_51st$lamar_koenig,3,am_off,93,66.01075269,32.43010753
lamar_51st$lamar_koenig,3,am_peak,231,84.42857143,25.60606061
lamar_51st$lamar_koenig,3,mid-day,756,91.50661376,23.90740741
lamar_51st$lamar_koenig,3,pm_off,310,74.26774194,29.03870968
lamar_51st$lamar_koenig,3,pm_peak,586,104.1569966,21.37542662
lamar_51st$lamar_koenig,4,am_off,87,63.87356322,32.65517241
lamar_51st$lamar_koenig,4,am_peak,238,82.38655462,26.21008403
lamar_51st$lamar_koenig,4,mid-day,832,101.7475962,21.69951923
lamar_51st$lamar_koenig,4,pm_off,323,76.67801858,28.13003096
lamar_51st$lamar_koenig,4,pm_peak,543,108.1307551,20.98710866
lamar_51st$lamar_koenig,5,am_off,108,71.07407407,32.10185185
lamar_51st$lamar_koenig,5,am_peak,125,72.768,30.736
lamar_51st$lamar_koenig,5,mid-day,659,95.75872534,23.02731411
lamar_51st$lamar_koenig,5,pm_off,231,73.04761905,29.61038961
lamar_51st$lamar_koenig,5,pm_peak,417,90.05755396,24.49640288
lamar_51st$lamar_koenig,6,am_off,148,61.36486486,34.31081081
lamar_51st$lamar_koenig,6,am_peak,78,61.64102564,34.42307692
lamar_51st$lamar_koenig,6,mid-day,605,82.98016529,26.63305785
lamar_51st$lamar_koenig,6,pm_off,288,68.11111111,31.17361111
lamar_51st$lamar_koenig,6,pm_peak,404,80.15346535,27.22029703
lamar_5th$lamar_12th,0,am_off,27,64.81481481,28.62962963
lamar_5th$lamar_12th,0,am_peak,331,78.43504532,24.67069486
lamar_5th$lamar_12th,0,mid-day,471,87.63906582,22.39278132
lamar_5th$lamar_12th,0,pm_off,149,67.26174497,28.97315436
lamar_5th$lamar_12th,0,pm_peak,367,90.23705722,21.22888283
lamar_5th$lamar_12th,1,am_off,25,67.12,27.68
lamar_5th$lamar_12th,1,am_peak,335,75.24179104,25.78208955
lamar_5th$lamar_12th,1,mid-day,508,90.07874016,21.47440945
lamar_5th$lamar_12th,1,pm_off,169,71.86390533,27.04733728
lamar_5th$lamar_12th,1,pm_peak,371,100.0619946,20.01886792
lamar_5th$lamar_12th,2,am_off,35,59.71428571,31.62857143
lamar_5th$lamar_12th,2,am_peak,354,75.12711864,25.90677966
lamar_5th$lamar_12th,2,mid-day,534,93.76029963,21.14981273
lamar_5th$lamar_12th,2,pm_off,174,65.2183908,29.21264368
lamar_5th$lamar_12th,2,pm_peak,375,97.728,20.296
lamar_5th$lamar_12th,3,am_off,31,61.29032258,33
lamar_5th$lamar_12th,3,am_peak,326,77.52147239,25.04294479
lamar_5th$lamar_12th,3,mid-day,459,91.62309368,21.35947712
lamar_5th$lamar_12th,3,pm_off,171,64.54385965,29.09356725
lamar_5th$lamar_12th,3,pm_peak,383,91.31592689,21.21409922
lamar_5th$lamar_12th,4,am_off,43,64.02325581,30.30232558
lamar_5th$lamar_12th,4,am_peak,218,73.16513761,27.05963303
lamar_5th$lamar_12th,4,mid-day,376,97.56914894,20.04787234
lamar_5th$lamar_12th,4,pm_off,138,68.47101449,28.08695652
lamar_5th$lamar_12th,4,pm_peak,251,91.21115538,21.22310757
lamar_5th$lamar_12th,5,am_off,36,61.27777778,29.75
lamar_5th$lamar_12th,5,am_peak,68,66.39705882,28.95588235
lamar_5th$lamar_12th,5,mid-day,313,85.2715655,22.55591054
lamar_5th$lamar_12th,5,pm_off,136,67.875,27.96323529
lamar_5th$lamar_12th,5,pm_peak,187,82.23529412,23.92513369
lamar_5th$lamar_12th,6,am_off,61,71.32786885,30.03278689
lamar_5th$lamar_12th,6,am_peak,41,64.80487805,29.2195122
lamar_5th$lamar_12th,6,mid-day,355,78.87323944,24.7915493
lamar_5th$lamar_12th,6,pm_off,142,64.06338028,29.45774648
lamar_5th$lamar_12th,6,pm_peak,244,74.31967213,26.3647541
lamar_5th$lamar_24th,0,am_off,11,152.6363636,32.09090909
lamar_5th$lamar_24th,0,am_peak,131,192.480916,25.87022901
lamar_5th$lamar_24th,0,mid-day,235,200.5914894,24.98297872
lamar_5th$lamar_24th,0,pm_off,70,163.7142857,30.38571429
lamar_5th$lamar_24th,0,pm_peak,187,254.5775401,20.60962567
lamar_5th$lamar_24th,1,am_off,1,157,31
lamar_5th$lamar_24th,1,am_peak,144,187.0486111,26.6875
lamar_5th$lamar_24th,1,mid-day,281,205.0071174,24.57651246
lamar_5th$lamar_24th,1,pm_off,84,170.4047619,29.27380952
lamar_5th$lamar_24th,1,pm_peak,207,315.6231884,17.98067633
lamar_5th$lamar_24th,2,am_off,7,161.4285714,30.71428571
lamar_5th$lamar_24th,2,am_peak,138,183.4347826,27.29710145
lamar_5th$lamar_24th,2,mid-day,286,211.0524476,24.1048951
lamar_5th$lamar_24th,2,pm_off,76,170.4210526,29.21052632
lamar_5th$lamar_24th,2,pm_peak,185,301.2216216,18.56216216
lamar_5th$lamar_24th,3,am_off,11,149.9090909,32.81818182
lamar_5th$lamar_24th,3,am_peak,141,188.5886525,26.29787234
lamar_5th$lamar_24th,3,mid-day,268,203.5,24.72014925
lamar_5th$lamar_24th,3,pm_off,96,174.0833333,28.58333333
lamar_5th$lamar_24th,3,pm_peak,202,272.6287129,19.77227723
lamar_5th$lamar_24th,4,am_off,17,167.5882353,30.05882353
lamar_5th$lamar_24th,4,am_peak,90,184.2222222,27.31111111
lamar_5th$lamar_24th,4,mid-day,224,225.6741071,22.68303571
lamar_5th$lamar_24th,4,pm_off,59,178.0677966,27.91525424
lamar_5th$lamar_24th,4,pm_peak,130,258.4769231,20.16153846
lamar_5th$lamar_24th,5,am_off,14,226.4285714,26
lamar_5th$lamar_24th,5,am_peak,24,160.9166667,30.79166667
lamar_5th$lamar_24th,5,mid-day,167,188.1916168,26.45508982
lamar_5th$lamar_24th,5,pm_off,67,184.9701493,27.52238806
lamar_5th$lamar_24th,5,pm_peak,89,184.0224719,27.30337079
lamar_5th$lamar_24th,6,am_off,29,200.5862069,28.65517241
lamar_5th$lamar_24th,6,am_peak,6,193,26.33333333
lamar_5th$lamar_24th,6,mid-day,188,185.1648936,27.32446809
lamar_5th$lamar_24th,6,pm_off,78,165.9102564,30
lamar_5th$lamar_24th,6,pm_peak,118,171.720339,29.38983051
lamar_5th$lamar_6th,0,am_off,218,37.43577982,13.39449541
lamar_5th$lamar_6th,0,am_peak,604,22.26324503,21.93377483
lamar_5th$lamar_6th,0,mid-day,798,25.27944862,19.65288221
lamar_5th$lamar_6th,0,pm_off,314,30.00636943,17.80573248
lamar_5th$lamar_6th,0,pm_peak,531,20.49717514,22.18832392
lamar_5th$lamar_6th,1,am_off,299,38.11705686,14.07023411
lamar_5th$lamar_6th,1,am_peak,651,23.66973886,20.87250384
lamar_5th$lamar_6th,1,mid-day,932,25.65665236,18.7972103
lamar_5th$lamar_6th,1,pm_off,333,24.25525526,19.57357357
lamar_5th$lamar_6th,1,pm_peak,516,19.51356589,22.69186047
lamar_5th$lamar_6th,2,am_off,135,32.44444444,17.32592593
lamar_5th$lamar_6th,2,am_peak,567,22.2345679,21.59435626
lamar_5th$lamar_6th,2,mid-day,968,26.18801653,19.31818182
lamar_5th$lamar_6th,2,pm_off,395,27.7443038,18.90886076
lamar_5th$lamar_6th,2,pm_peak,550,19.54727273,22.01090909
lamar_5th$lamar_6th,3,am_off,351,33.58689459,16.04843305
lamar_5th$lamar_6th,3,am_peak,654,23.78440367,20.82415902
lamar_5th$lamar_6th,3,mid-day,800,25.075,19.33875
lamar_5th$lamar_6th,3,pm_off,443,27.24604966,19.88713318
lamar_5th$lamar_6th,3,pm_peak,534,20.17041199,21.90449438
lamar_5th$lamar_6th,4,am_off,298,32.77181208,17.23154362
lamar_5th$lamar_6th,4,am_peak,410,23.35853659,21.18536585
lamar_5th$lamar_6th,4,mid-day,611,23.67757774,19.6202946
lamar_5th$lamar_6th,4,pm_off,252,25.67063492,19.73412698
lamar_5th$lamar_6th,4,pm_peak,360,20.80277778,21.63611111
lamar_5th$lamar_6th,5,am_off,161,34.08695652,15.77018634
lamar_5th$lamar_6th,5,am_peak,180,33.28333333,16.83333333
lamar_5th$lamar_6th,5,mid-day,574,26.13240418,18.5174216
lamar_5th$lamar_6th,5,pm_off,271,26.29520295,18.4797048
lamar_5th$lamar_6th,5,pm_peak,337,27.91394659,17.51928783
lamar_5th$lamar_6th,6,am_off,314,31.72611465,16.39808917
lamar_5th$lamar_6th,6,am_peak,272,32.28676471,17.03308824
lamar_5th$lamar_6th,6,mid-day,778,28.70437018,18.11053985
lamar_5th$lamar_6th,6,pm_off,337,28.89020772,19.00296736
lamar_5th$lamar_6th,6,pm_peak,438,24.33105023,21.02739726
lamar_6th$lamar_12th,0,am_off,87,42.08045977,35.33333333
lamar_6th$lamar_12th,0,am_peak,496,59.07258065,26.62701613
lamar_6th$lamar_12th,0,mid-day,906,66.0419426,23.86203091
lamar_6th$lamar_12th,0,pm_off,285,45.86666667,32.72280702
lamar_6th$lamar_12th,0,pm_peak,701,70.90870185,22.81740371
lamar_6th$lamar_12th,1,am_off,72,41.81944444,35.75
lamar_6th$lamar_12th,1,am_peak,608,56.94407895,27.27467105
lamar_6th$lamar_12th,1,mid-day,1025,69.14146341,22.95512195
lamar_6th$lamar_12th,1,pm_off,365,50.10958904,30.87123288
lamar_6th$lamar_12th,1,pm_peak,740,102.7310811,19.12432432
lamar_6th$lamar_12th,2,am_off,54,45.37037037,33.94444444
lamar_6th$lamar_12th,2,am_peak,492,55.42276423,28.2601626
lamar_6th$lamar_12th,2,mid-day,844,70.70734597,22.49407583
lamar_6th$lamar_12th,2,pm_off,310,46.82258065,32.19354839
lamar_6th$lamar_12th,2,pm_peak,631,79.21236133,20.66719493
lamar_6th$lamar_12th,3,am_off,67,47.49253731,32.67164179
lamar_6th$lamar_12th,3,am_peak,496,58.52822581,26.70564516
lamar_6th$lamar_12th,3,mid-day,723,68.61964039,22.89211618
lamar_6th$lamar_12th,3,pm_off,303,48.51155116,31.23432343
lamar_6th$lamar_12th,3,pm_peak,652,76.13343558,21.26226994
lamar_6th$lamar_12th,4,am_off,72,47.31944444,33.45833333
lamar_6th$lamar_12th,4,am_peak,418,56.95215311,27.784689
lamar_6th$lamar_12th,4,mid-day,924,78.41774892,20.52272727
lamar_6th$lamar_12th,4,pm_off,344,52.36918605,29.61627907
lamar_6th$lamar_12th,4,pm_peak,605,78.95702479,21.45619835
lamar_6th$lamar_12th,5,am_off,145,44.71724138,34.36551724
lamar_6th$lamar_12th,5,am_peak,153,43.84313725,34.03267974
lamar_6th$lamar_12th,5,mid-day,729,67.46364883,23.19615912
lamar_6th$lamar_12th,5,pm_off,346,48.86705202,31.08959538
lamar_6th$lamar_12th,5,pm_peak,437,59.77116705,26.04576659
lamar_6th$lamar_12th,6,am_off,167,46.32934132,32.62275449
lamar_6th$lamar_12th,6,am_peak,104,43.95192308,34.16346154
lamar_6th$lamar_12th,6,mid-day,749,59.38985314,26.15620828
lamar_6th$lamar_12th,6,pm_off,333,48.30930931,31.52852853
lamar_6th$lamar_12th,6,pm_peak,533,55.67917448,27.68105066
lamar_airport$lamar_morrow,0,am_off,89,51.76404494,35.56179775
lamar_airport$lamar_morrow,0,am_peak,329,63.82066869,30.55015198
lamar_airport$lamar_morrow,0,mid-day,980,77.05714286,25.40918367
lamar_airport$lamar_morrow,0,pm_off,299,53.29431438,34.49498328
lamar_airport$lamar_morrow,0,pm_peak,703,77.16358464,26.02560455
lamar_airport$lamar_morrow,1,am_off,86,52.74418605,34.94186047
lamar_airport$lamar_morrow,1,am_peak,408,68.46568627,28.51470588
lamar_airport$lamar_morrow,1,mid-day,1092,82.28754579,23.93956044
lamar_airport$lamar_morrow,1,pm_off,329,55.05167173,33.63525836
lamar_airport$lamar_morrow,1,pm_peak,798,84.3245614,23.75814536
lamar_airport$lamar_morrow,2,am_off,69,51.69565217,35.13043478
lamar_airport$lamar_morrow,2,am_peak,312,66.74358974,29.23397436
lamar_airport$lamar_morrow,2,mid-day,863,80.03707995,24.55040556
lamar_airport$lamar_morrow,2,pm_off,285,56.36842105,32.90175439
lamar_airport$lamar_morrow,2,pm_peak,657,82.69254186,24.02891933
lamar_airport$lamar_morrow,3,am_off,99,51.44444444,35.73737374
lamar_airport$lamar_morrow,3,am_peak,322,69.89130435,28.16770186
lamar_airport$lamar_morrow,3,mid-day,890,82.45730337,23.69775281
lamar_airport$lamar_morrow,3,pm_off,299,56.73244147,32.83946488
lamar_airport$lamar_morrow,3,pm_peak,696,78.3433908,25.43390805
lamar_airport$lamar_morrow,4,am_off,91,51.82417582,35.04395604
lamar_airport$lamar_morrow,4,am_peak,305,67.56393443,28.6
lamar_airport$lamar_morrow,4,mid-day,944,84.63559322,23.28389831
lamar_airport$lamar_morrow,4,pm_off,325,57.43384615,32.14769231
lamar_airport$lamar_morrow,4,pm_peak,607,79.12685338,25.30971993
lamar_airport$lamar_morrow,5,am_off,113,53.34513274,34.46902655
lamar_airport$lamar_morrow,5,am_peak,155,51.47741935,36.08387097
lamar_airport$lamar_morrow,5,mid-day,734,69.79836512,27.6866485
lamar_airport$lamar_morrow,5,pm_off,258,58.39147287,31.79069767
lamar_airport$lamar_morrow,5,pm_peak,406,63.18965517,30.02955665
lamar_airport$lamar_morrow,6,am_off,160,51.78125,35.4875
lamar_airport$lamar_morrow,6,am_peak,99,48.46464646,37.66666667
lamar_airport$lamar_morrow,6,mid-day,654,59.70183486,31.52905199
lamar_airport$lamar_morrow,6,pm_off,249,53.47389558,34.19678715
lamar_airport$lamar_morrow,6,pm_peak,431,54.63805104,34.10208817
lamar_airport$lamar_rundberg,0,am_off,28,314.5,36.35714286
lamar_airport$lamar_rundberg,0,am_peak,72,231.2777778,35.84722222
lamar_airport$lamar_rundberg,0,mid-day,246,287.402439,30.99186992
lamar_airport$lamar_rundberg,0,pm_off,89,249.1460674,36.78651685
lamar_airport$lamar_rundberg,0,pm_peak,163,314.6809816,27.91411043
lamar_airport$lamar_rundberg,1,am_off,9,269.2222222,35.44444444
lamar_airport$lamar_rundberg,1,am_peak,86,299.5697674,32.5
lamar_airport$lamar_rundberg,1,mid-day,322,314.363354,29.60869565
lamar_airport$lamar_rundberg,1,pm_off,115,286.4695652,34.44347826
lamar_airport$lamar_rundberg,1,pm_peak,252,333.5119048,26.43253968
lamar_airport$lamar_rundberg,2,am_off,25,221.92,39.48
lamar_airport$lamar_rundberg,2,am_peak,80,280.4375,34.6375
lamar_airport$lamar_rundberg,2,mid-day,260,290.0615385,31.08846154
lamar_airport$lamar_rundberg,2,pm_off,105,267.4571429,34.8
lamar_airport$lamar_rundberg,2,pm_peak,194,302.1804124,28.45876289
lamar_airport$lamar_rundberg,3,am_off,25,256.16,38.64
lamar_airport$lamar_rundberg,3,am_peak,80,334.075,31.8625
lamar_airport$lamar_rundberg,3,mid-day,276,284.5326087,30.84782609
lamar_airport$lamar_rundberg,3,pm_off,98,247.9081633,35.97959184
lamar_airport$lamar_rundberg,3,pm_peak,211,300.2227488,28.92890995
lamar_airport$lamar_rundberg,4,am_off,25,245.6,36.72
lamar_airport$lamar_rundberg,4,am_peak,62,285.4032258,32.83870968
lamar_airport$lamar_rundberg,4,mid-day,273,292.1904762,29.79120879
lamar_airport$lamar_rundberg,4,pm_off,73,250.0684932,34
lamar_airport$lamar_rundberg,4,pm_peak,152,351.2763158,24.86842105
lamar_airport$lamar_rundberg,5,am_off,20,221.95,39.4
lamar_airport$lamar_rundberg,5,am_peak,24,276.0416667,35.25
lamar_airport$lamar_rundberg,5,mid-day,148,301.0135135,29.78378378
lamar_airport$lamar_rundberg,5,pm_off,52,245.1923077,35.11538462
lamar_airport$lamar_rundberg,5,pm_peak,91,254.8791209,33.72527473
lamar_airport$lamar_rundberg,6,am_off,36,202.5555556,40.11111111
lamar_airport$lamar_rundberg,6,am_peak,19,277.8947368,37.05263158
lamar_airport$lamar_rundberg,6,mid-day,155,255.1548387,33.67096774
lamar_airport$lamar_rundberg,6,pm_off,82,278.7804878,36.17073171
lamar_airport$lamar_rundberg,6,pm_peak,90,267.9,35.12222222
Lamar_and_Manchca_Barton_skyway$lamar_barton_springs,0,am_off,35,243.4,32.82857143
Lamar_and_Manchca_Barton_skyway$lamar_barton_springs,0,am_peak,391,396.4501279,22.26342711
Lamar_and_Manchca_Barton_skyway$lamar_barton_springs,0,mid-day,494,285.0506073,26.45546559
Lamar_and_Manchca_Barton_skyway$lamar_barton_springs,0,pm_off,99,247.6969697,29.09090909
Lamar_and_Manchca_Barton_skyway$lamar_barton_springs,0,pm_peak,279,270.297491,26.99641577
Lamar_and_Manchca_Barton_skyway$lamar_barton_springs,1,am_off,37,224.1621622,36.21621622
Lamar_and_Manchca_Barton_skyway$lamar_barton_springs,1,am_peak,394,547.464467,18.72081218
Lamar_and_Manchca_Barton_skyway$lamar_barton_springs,1,mid-day,442,290.8348416,25.50904977
Lamar_and_Manchca_Barton_skyway$lamar_barton_springs,1,pm_off,116,243.3017241,29.54310345
Lamar_and_Manchca_Barton_skyway$lamar_barton_springs,1,pm_peak,279,303.0107527,24.41935484
Lamar_and_Manchca_Barton_skyway$lamar_barton_springs,2,am_off,14,251.9285714,32.14285714
Lamar_and_Manchca_Barton_skyway$lamar_barton_springs,2,am_peak,367,451.7111717,20.04359673
Lamar_and_Manchca_Barton_skyway$lamar_barton_springs,2,mid-day,425,287.3905882,25.59529412
Lamar_and_Manchca_Barton_skyway$lamar_barton_springs,2,pm_off,120,242.0166667,29.03333333
Lamar_and_Manchca_Barton_skyway$lamar_barton_springs,2,pm_peak,280,280.7964286,25.2
Lamar_and_Manchca_Barton_skyway$lamar_barton_springs,3,am_off,29,196.2068966,36.44827586
Lamar_and_Manchca_Barton_skyway$lamar_barton_springs,3,am_peak,376,448.1382979,20.06382979
Lamar_and_Manchca_Barton_skyway$lamar_barton_springs,3,mid-day,402,331.5248756,23.4278607
Lamar_and_Manchca_Barton_skyway$lamar_barton_springs,3,pm_off,139,258.0935252,27.55395683
Lamar_and_Manchca_Barton_skyway$lamar_barton_springs,3,pm_peak,268,283.6529851,25.12313433
Lamar_and_Manchca_Barton_skyway$lamar_barton_springs,4,am_off,35,246.5714286,32
Lamar_and_Manchca_Barton_skyway$lamar_barton_springs,4,am_peak,324,278.5308642,26.72530864
Lamar_and_Manchca_Barton_skyway$lamar_barton_springs,4,mid-day,486,331.2860082,22.47325103
Lamar_and_Manchca_Barton_skyway$lamar_barton_springs,4,pm_off,154,272.5519481,26.64935065
Lamar_and_Manchca_Barton_skyway$lamar_barton_springs,4,pm_peak,265,296.8716981,24.0490566
Lamar_and_Manchca_Barton_skyway$lamar_barton_springs,5,am_off,48,227.1875,31.52083333
Lamar_and_Manchca_Barton_skyway$lamar_barton_springs,5,am_peak,124,268.5806452,29.66129032
Lamar_and_Manchca_Barton_skyway$lamar_barton_springs,5,mid-day,394,391.3172589,19.72335025
Lamar_and_Manchca_Barton_skyway$lamar_barton_springs,5,pm_off,155,237.9419355,29.23225806
Lamar_and_Manchca_Barton_skyway$lamar_barton_springs,5,pm_peak,236,275.4576271,25.82627119
Lamar_and_Manchca_Barton_skyway$lamar_barton_springs,6,am_off,80,217.3875,34.0625
Lamar_and_Manchca_Barton_skyway$lamar_barton_springs,6,am_peak,103,231.7961165,31.7184466
Lamar_and_Manchca_Barton_skyway$lamar_barton_springs,6,mid-day,401,280.9077307,25.42144638
Lamar_and_Manchca_Barton_skyway$lamar_barton_springs,6,pm_off,122,236.0245902,30.03278689
Lamar_and_Manchca_Barton_skyway$lamar_barton_springs,6,pm_peak,276,244.1050725,28.67753623
Lamar_and_Manchca_Barton_skyway$Lamar_Blue_Bonnet,0,am_off,86,37.46511628,32.65116279
Lamar_and_Manchca_Barton_skyway$Lamar_Blue_Bonnet,0,am_peak,898,48.80623608,25.9688196
Lamar_and_Manchca_Barton_skyway$Lamar_Blue_Bonnet,0,mid-day,1413,46.00849257,27.97947629
Lamar_and_Manchca_Barton_skyway$Lamar_Blue_Bonnet,0,pm_off,365,37.58630137,30.79726027
Lamar_and_Manchca_Barton_skyway$Lamar_Blue_Bonnet,0,pm_peak,949,42,28.53424658
Lamar_and_Manchca_Barton_skyway$Lamar_Blue_Bonnet,1,am_off,84,35.22619048,32.86904762
Lamar_and_Manchca_Barton_skyway$Lamar_Blue_Bonnet,1,am_peak,1114,58.60502693,23.61400359
Lamar_and_Manchca_Barton_skyway$Lamar_Blue_Bonnet,1,mid-day,1535,48.7257329,27.30228013
Lamar_and_Manchca_Barton_skyway$Lamar_Blue_Bonnet,1,pm_off,413,36.94915254,31.3220339
Lamar_and_Manchca_Barton_skyway$Lamar_Blue_Bonnet,1,pm_peak,1013,44.970385,26.8094768
Lamar_and_Manchca_Barton_skyway$Lamar_Blue_Bonnet,2,am_off,66,36.15151515,32.12121212
Lamar_and_Manchca_Barton_skyway$Lamar_Blue_Bonnet,2,am_peak,894,51.96308725,24.85794183
Lamar_and_Manchca_Barton_skyway$Lamar_Blue_Bonnet,2,mid-day,1175,40.72170213,29.10978723
Lamar_and_Manchca_Barton_skyway$Lamar_Blue_Bonnet,2,pm_off,345,38.11304348,30.46956522
Lamar_and_Manchca_Barton_skyway$Lamar_Blue_Bonnet,2,pm_peak,813,46.91143911,25.83763838
Lamar_and_Manchca_Barton_skyway$Lamar_Blue_Bonnet,3,am_off,64,36.078125,32.203125
Lamar_and_Manchca_Barton_skyway$Lamar_Blue_Bonnet,3,am_peak,851,58.76615746,22.87779083
Lamar_and_Manchca_Barton_skyway$Lamar_Blue_Bonnet,3,mid-day,1135,70.04140969,23.94625551
Lamar_and_Manchca_Barton_skyway$Lamar_Blue_Bonnet,3,pm_off,365,39.47945205,29.63013699
Lamar_and_Manchca_Barton_skyway$Lamar_Blue_Bonnet,3,pm_peak,869,51.75258918,25.04027618
Lamar_and_Manchca_Barton_skyway$Lamar_Blue_Bonnet,4,am_off,92,34.23913043,33.80434783
Lamar_and_Manchca_Barton_skyway$Lamar_Blue_Bonnet,4,am_peak,772,44.77331606,27.30958549
Lamar_and_Manchca_Barton_skyway$Lamar_Blue_Bonnet,4,mid-day,1365,44.3978022,27.38681319
Lamar_and_Manchca_Barton_skyway$Lamar_Blue_Bonnet,4,pm_off,462,39.91558442,29.3961039
Lamar_and_Manchca_Barton_skyway$Lamar_Blue_Bonnet,4,pm_peak,833,48.93277311,24.81152461
Lamar_and_Manchca_Barton_skyway$Lamar_Blue_Bonnet,5,am_off,111,35.04504505,32.86486486
Lamar_and_Manchca_Barton_skyway$Lamar_Blue_Bonnet,5,am_peak,304,35.77960526,32.22697368
Lamar_and_Manchca_Barton_skyway$Lamar_Blue_Bonnet,5,mid-day,1137,56.77924362,24.24186456
Lamar_and_Manchca_Barton_skyway$Lamar_Blue_Bonnet,5,pm_off,440,38.51818182,30.04318182
Lamar_and_Manchca_Barton_skyway$Lamar_Blue_Bonnet,5,pm_peak,683,40.5636896,28.98389458
Lamar_and_Manchca_Barton_skyway$Lamar_Blue_Bonnet,6,am_off,158,35.38607595,32.79746835
Lamar_and_Manchca_Barton_skyway$Lamar_Blue_Bonnet,6,am_peak,223,36.01793722,31.70852018
Lamar_and_Manchca_Barton_skyway$Lamar_Blue_Bonnet,6,mid-day,1244,40.66961415,28.84083601
Lamar_and_Manchca_Barton_skyway$Lamar_Blue_Bonnet,6,pm_off,358,36.66201117,31.33519553
Lamar_and_Manchca_Barton_skyway$Lamar_Blue_Bonnet,6,pm_peak,776,38.41752577,30.24871134
Lamar_and_Manchca_Barton_skyway$lamar_oltorf,0,am_off,68,80.44117647,36.13235294
Lamar_and_Manchca_Barton_skyway$lamar_oltorf,0,am_peak,668,121.4311377,26.02844311
Lamar_and_Manchca_Barton_skyway$lamar_oltorf,0,mid-day,992,108.6179435,27.59979839
Lamar_and_Manchca_Barton_skyway$lamar_oltorf,0,pm_off,277,94.22743682,30.32851986
Lamar_and_Manchca_Barton_skyway$lamar_oltorf,0,pm_peak,653,107.6156202,26.80398162
Lamar_and_Manchca_Barton_skyway$lamar_oltorf,1,am_off,70,83.15714286,35.27142857
Lamar_and_Manchca_Barton_skyway$lamar_oltorf,1,am_peak,797,146.6787955,23.56336261
Lamar_and_Manchca_Barton_skyway$lamar_oltorf,1,mid-day,986,113.7789047,26.30628803
Lamar_and_Manchca_Barton_skyway$lamar_oltorf,1,pm_off,295,92.90169492,30.57288136
Lamar_and_Manchca_Barton_skyway$lamar_oltorf,1,pm_peak,693,115.2193362,24.94949495
Lamar_and_Manchca_Barton_skyway$lamar_oltorf,2,am_off,54,90.03703704,32.98148148
Lamar_and_Manchca_Barton_skyway$lamar_oltorf,2,am_peak,650,128.0184615,24.65384615
Lamar_and_Manchca_Barton_skyway$lamar_oltorf,2,mid-day,797,108.3425345,27.02885822
Lamar_and_Manchca_Barton_skyway$lamar_oltorf,2,pm_off,228,97.04824561,29.43859649
Lamar_and_Manchca_Barton_skyway$lamar_oltorf,2,pm_peak,552,116.6032609,24.61594203
Lamar_and_Manchca_Barton_skyway$lamar_oltorf,3,am_off,39,85.35897436,35.20512821
Lamar_and_Manchca_Barton_skyway$lamar_oltorf,3,am_peak,627,138.5295056,23.3030303
Lamar_and_Manchca_Barton_skyway$lamar_oltorf,3,mid-day,733,146.6712142,24.420191
Lamar_and_Manchca_Barton_skyway$lamar_oltorf,3,pm_off,249,101.7429719,28.5060241
Lamar_and_Manchca_Barton_skyway$lamar_oltorf,3,pm_peak,568,125.1126761,23.59507042
Lamar_and_Manchca_Barton_skyway$lamar_oltorf,4,am_off,55,81.92727273,34.65454545
Lamar_and_Manchca_Barton_skyway$lamar_oltorf,4,am_peak,538,104.6171004,28.38475836
Lamar_and_Manchca_Barton_skyway$lamar_oltorf,4,mid-day,920,113.576087,25.99021739
Lamar_and_Manchca_Barton_skyway$lamar_oltorf,4,pm_off,324,101.4845679,28.00308642
Lamar_and_Manchca_Barton_skyway$lamar_oltorf,4,pm_peak,526,123.4144487,23.67110266
Lamar_and_Manchca_Barton_skyway$lamar_oltorf,5,am_off,85,85.78823529,33.4
Lamar_and_Manchca_Barton_skyway$lamar_oltorf,5,am_peak,210,90.35238095,32.17142857
Lamar_and_Manchca_Barton_skyway$lamar_oltorf,5,mid-day,767,135.2803129,23.15384615
Lamar_and_Manchca_Barton_skyway$lamar_oltorf,5,pm_off,301,99.58471761,28.59136213
Lamar_and_Manchca_Barton_skyway$lamar_oltorf,5,pm_peak,491,104.2953157,27.80855397
Lamar_and_Manchca_Barton_skyway$lamar_oltorf,6,am_off,127,85.03937008,34.23622047
Lamar_and_Manchca_Barton_skyway$lamar_oltorf,6,am_peak,170,85.93529412,33.37647059
Lamar_and_Manchca_Barton_skyway$lamar_oltorf,6,mid-day,862,107.7180974,27.01392111
Lamar_and_Manchca_Barton_skyway$lamar_oltorf,6,pm_off,252,90.73412698,31.42460317
Lamar_and_Manchca_Barton_skyway$lamar_oltorf,6,pm_peak,569,99.34973638,28.98418278
lamar_barton_springs$lamar_5th,0,am_off,36,80.19444444,32.02777778
lamar_barton_springs$lamar_5th,0,am_peak,334,187.1287425,15.79640719
lamar_barton_springs$lamar_5th,0,mid-day,460,123.3586957,22.38043478
lamar_barton_springs$lamar_5th,0,pm_off,143,90.07692308,28.62237762
lamar_barton_springs$lamar_5th,0,pm_peak,288,109.4826389,24.69097222
lamar_barton_springs$lamar_5th,1,am_off,32,84,30.96875
lamar_barton_springs$lamar_5th,1,am_peak,343,206.3148688,15.16034985
lamar_barton_springs$lamar_5th,1,mid-day,490,137.7244898,20.4
lamar_barton_springs$lamar_5th,1,pm_off,189,97.24867725,26.55555556
lamar_barton_springs$lamar_5th,1,pm_peak,272,171.1580882,17.83823529
lamar_barton_springs$lamar_5th,2,am_off,38,78.73684211,32.97368421
lamar_barton_springs$lamar_5th,2,am_peak,322,188.0621118,15.61180124
lamar_barton_springs$lamar_5th,2,mid-day,487,155.8644764,19.3449692
lamar_barton_springs$lamar_5th,2,pm_off,197,95.7715736,27.23857868
lamar_barton_springs$lamar_5th,2,pm_peak,297,155.3905724,18.88215488
lamar_barton_springs$lamar_5th,3,am_off,39,83.35897436,30.94871795
lamar_barton_springs$lamar_5th,3,am_peak,327,199.559633,14.58409786
lamar_barton_springs$lamar_5th,3,mid-day,473,127.3171247,21.69978858
lamar_barton_springs$lamar_5th,3,pm_off,222,102.5585586,25.90540541
lamar_barton_springs$lamar_5th,3,pm_peak,276,149.115942,19.72463768
lamar_barton_springs$lamar_5th,4,am_off,47,83.91489362,30.89361702
lamar_barton_springs$lamar_5th,4,am_peak,220,151.4772727,19.01818182
lamar_barton_springs$lamar_5th,4,mid-day,342,195.4269006,16.04093567
lamar_barton_springs$lamar_5th,4,pm_off,153,122.0196078,21.90196078
lamar_barton_springs$lamar_5th,4,pm_peak,207,198.9565217,17.61835749
lamar_barton_springs$lamar_5th,5,am_off,67,90.47761194,28.86567164
lamar_barton_springs$lamar_5th,5,am_peak,76,94.85526316,28.13157895
lamar_barton_springs$lamar_5th,5,mid-day,286,194.4615385,14.74125874
lamar_barton_springs$lamar_5th,5,pm_off,153,104.4640523,25.07189542
lamar_barton_springs$lamar_5th,5,pm_peak,194,144.3092784,20.13402062
lamar_barton_springs$lamar_5th,6,am_off,102,86.90196078,30.10784314
lamar_barton_springs$lamar_5th,6,am_peak,98,91.73469388,28.42857143
lamar_barton_springs$lamar_5th,6,mid-day,367,128.7711172,21.26975477
lamar_barton_springs$lamar_5th,6,pm_off,161,94.49689441,27.41614907
lamar_barton_springs$lamar_5th,6,pm_peak,276,106.3768116,25.39130435
lamar_barton_springs$lamar_riverside,0,am_off,102,30.16666667,34.74509804
lamar_barton_springs$lamar_riverside,0,am_peak,716,55.73882682,23.38407821
lamar_barton_springs$lamar_riverside,0,mid-day,1065,35.59624413,29.23943662
lamar_barton_springs$lamar_riverside,0,pm_off,366,37.63387978,29.13114754
lamar_barton_springs$lamar_riverside,0,pm_peak,683,35.55051245,29.95754026
lamar_barton_springs$lamar_riverside,1,am_off,80,27.875,36.7625
lamar_barton_springs$lamar_riverside,1,am_peak,730,71.71780822,19.66164384
lamar_barton_springs$lamar_riverside,1,mid-day,969,37.35603715,28.57275542
lamar_barton_springs$lamar_riverside,1,pm_off,339,36.92625369,28.89380531
lamar_barton_springs$lamar_riverside,1,pm_peak,547,55.68555759,25.82815356
lamar_barton_springs$lamar_riverside,2,am_off,69,30.28985507,35.13043478
lamar_barton_springs$lamar_riverside,2,am_peak,699,64.51359084,20.61230329
lamar_barton_springs$lamar_riverside,2,mid-day,985,41.58172589,26.88832487
lamar_barton_springs$lamar_riverside,2,pm_off,364,37.74725275,28.48626374
lamar_barton_springs$lamar_riverside,2,pm_peak,586,37.37372014,29.44197952
lamar_barton_springs$lamar_riverside,3,am_off,76,30.82894737,33.43421053
lamar_barton_springs$lamar_riverside,3,am_peak,689,66.04063861,20.1436865
lamar_barton_springs$lamar_riverside,3,mid-day,926,37.63282937,28.05831533
lamar_barton_springs$lamar_riverside,3,pm_off,381,37.92913386,28.90288714
lamar_barton_springs$lamar_riverside,3,pm_peak,568,33.14964789,30.79225352
lamar_barton_springs$lamar_riverside,4,am_off,88,32.19318182,32.63636364
lamar_barton_springs$lamar_riverside,4,am_peak,589,40.29371817,28.56706282
lamar_barton_springs$lamar_riverside,4,mid-day,1042,55.58445298,23.61708253
lamar_barton_springs$lamar_riverside,4,pm_off,431,42.4037123,26.17169374
lamar_barton_springs$lamar_riverside,4,pm_peak,656,53.41463415,25.31402439
lamar_barton_springs$lamar_riverside,5,am_off,156,31.23717949,33.12820513
lamar_barton_springs$lamar_riverside,5,am_peak,241,34.21576763,31.31120332
lamar_barton_springs$lamar_riverside,5,mid-day,934,44.93147752,26.03211991
lamar_barton_springs$lamar_riverside,5,pm_off,398,38.32160804,27.99246231
lamar_barton_springs$lamar_riverside,5,pm_peak,582,38.19243986,27.41924399
lamar_barton_springs$lamar_riverside,6,am_off,208,34.85576923,31.75961538
lamar_barton_springs$lamar_riverside,6,am_peak,243,36.22222222,29.53909465
lamar_barton_springs$lamar_riverside,6,mid-day,985,37.65888325,28.1319797
lamar_barton_springs$lamar_riverside,6,pm_off,388,38.63402062,28.25515464
lamar_barton_springs$lamar_riverside,6,pm_peak,662,35.43202417,29.18731118
Lamar_Blue_Bonnet$lamar_oltorf,0,am_off,73,48.83561644,34.93150685
Lamar_Blue_Bonnet$lamar_oltorf,0,am_peak,726,70.82782369,26.95041322
Lamar_Blue_Bonnet$lamar_oltorf,0,mid-day,1218,61.0180624,28.30295567
Lamar_Blue_Bonnet$lamar_oltorf,0,pm_off,357,54.45378151,31.06442577
Lamar_Blue_Bonnet$lamar_oltorf,0,pm_peak,775,61.79741935,27.85290323
Lamar_Blue_Bonnet$lamar_oltorf,1,am_off,73,45.93150685,36.39726027
Lamar_Blue_Bonnet$lamar_oltorf,1,am_peak,871,85.60160735,24.08036739
Lamar_Blue_Bonnet$lamar_oltorf,1,mid-day,1183,64.18258664,26.84868977
Lamar_Blue_Bonnet$lamar_oltorf,1,pm_off,359,54.64623955,30.73259053
Lamar_Blue_Bonnet$lamar_oltorf,1,pm_peak,834,67.91366906,25.57074341
Lamar_Blue_Bonnet$lamar_oltorf,2,am_off,60,52.8,33.05
Lamar_Blue_Bonnet$lamar_oltorf,2,am_peak,689,73.6850508,25.68795356
Lamar_Blue_Bonnet$lamar_oltorf,2,mid-day,976,65.48770492,26.81864754
Lamar_Blue_Bonnet$lamar_oltorf,2,pm_off,283,56.86572438,29.71024735
Lamar_Blue_Bonnet$lamar_oltorf,2,pm_peak,676,67.15384615,25.95857988
Lamar_Blue_Bonnet$lamar_oltorf,3,am_off,55,47.36363636,35.56363636
Lamar_Blue_Bonnet$lamar_oltorf,3,am_peak,732,81.08060109,24.07923497
Lamar_Blue_Bonnet$lamar_oltorf,3,mid-day,879,78.37428896,24.97155859
Lamar_Blue_Bonnet$lamar_oltorf,3,pm_off,317,58.52681388,29.06940063
Lamar_Blue_Bonnet$lamar_oltorf,3,pm_peak,697,71.88522238,24.47345768
Lamar_Blue_Bonnet$lamar_oltorf,4,am_off,72,49.06944444,34.375
Lamar_Blue_Bonnet$lamar_oltorf,4,am_peak,594,59.88720539,29.4983165
Lamar_Blue_Bonnet$lamar_oltorf,4,mid-day,1115,66.78565022,26.19641256
Lamar_Blue_Bonnet$lamar_oltorf,4,pm_off,397,59.33753149,28.64735516
Lamar_Blue_Bonnet$lamar_oltorf,4,pm_peak,655,72.67938931,24.19236641
Lamar_Blue_Bonnet$lamar_oltorf,5,am_off,116,50.99137931,33.38793103
Lamar_Blue_Bonnet$lamar_oltorf,5,am_peak,217,51.43317972,33.21198157
Lamar_Blue_Bonnet$lamar_oltorf,5,mid-day,927,74.22222222,23.97950378
Lamar_Blue_Bonnet$lamar_oltorf,5,pm_off,405,58.51604938,28.89135802
Lamar_Blue_Bonnet$lamar_oltorf,5,pm_peak,585,64.67521368,26.75042735
Lamar_Blue_Bonnet$lamar_oltorf,6,am_off,152,47.82236842,35.22368421
Lamar_Blue_Bonnet$lamar_oltorf,6,am_peak,204,49.95588235,34.04411765
Lamar_Blue_Bonnet$lamar_oltorf,6,mid-day,1036,65.29150579,26.50772201
Lamar_Blue_Bonnet$lamar_oltorf,6,pm_off,286,51.38811189,32.68531469
Lamar_Blue_Bonnet$lamar_oltorf,6,pm_peak,672,59.02827381,29.04613095
lamar_braker$lamar_parmer,0,am_off,47,171.6595745,40.34042553
lamar_braker$lamar_parmer,0,am_peak,183,232.9016393,33.36612022
lamar_braker$lamar_parmer,0,mid-day,525,203.952381,34.09714286
lamar_braker$lamar_parmer,0,pm_off,191,186.591623,37.31937173
lamar_braker$lamar_parmer,0,pm_peak,380,222.4315789,32.74210526
lamar_braker$lamar_parmer,1,am_off,42,226.1428571,35.95238095
lamar_braker$lamar_parmer,1,am_peak,268,197,35.67910448
lamar_braker$lamar_parmer,1,mid-day,530,202.6132075,34.47924528
lamar_braker$lamar_parmer,1,pm_off,197,194.7817259,35.78172589
lamar_braker$lamar_parmer,1,pm_peak,451,257.1884701,29.33259424
lamar_braker$lamar_parmer,2,am_off,52,214.9807692,37.46153846
lamar_braker$lamar_parmer,2,am_peak,228,217.1666667,33.62719298
lamar_braker$lamar_parmer,2,mid-day,426,211.5375587,33.84741784
lamar_braker$lamar_parmer,2,pm_off,161,206.9689441,36.67080745
lamar_braker$lamar_parmer,2,pm_peak,340,232.45,31.11470588
lamar_braker$lamar_parmer,3,am_off,32,184,38.53125
lamar_braker$lamar_parmer,3,am_peak,212,216.3632075,33.72169811
lamar_braker$lamar_parmer,3,mid-day,370,200.9783784,34.45135135
lamar_braker$lamar_parmer,3,pm_off,169,202.1183432,34.78698225
lamar_braker$lamar_parmer,3,pm_peak,332,238.3192771,31.29518072
lamar_braker$lamar_parmer,4,am_off,44,194.4090909,37.84090909
lamar_braker$lamar_parmer,4,am_peak,220,199.2409091,35.26363636
lamar_braker$lamar_parmer,4,mid-day,454,235.0969163,32.25991189
lamar_braker$lamar_parmer,4,pm_off,217,196.8018433,35.40092166
lamar_braker$lamar_parmer,4,pm_peak,310,221.2129032,32.98387097
lamar_braker$lamar_parmer,5,am_off,65,182.5230769,39.09230769
lamar_braker$lamar_parmer,5,am_peak,154,201.3571429,37.09090909
lamar_braker$lamar_parmer,5,mid-day,476,212.052521,32.87815126
lamar_braker$lamar_parmer,5,pm_off,181,196.5524862,35.4198895
lamar_braker$lamar_parmer,5,pm_peak,309,201.579288,33.98381877
lamar_braker$lamar_parmer,6,am_off,82,193.0853659,37.75609756
lamar_braker$lamar_parmer,6,am_peak,123,176.601626,39.25203252
lamar_braker$lamar_parmer,6,mid-day,538,203.0446097,34.02788104
lamar_braker$lamar_parmer,6,pm_off,191,195.5026178,35.76439791
lamar_braker$lamar_parmer,6,pm_peak,357,193.7394958,35.45658263
Lamar_BrodieOaks$lamar_24th,0,am_peak,23,1273.304348,15.69565217
Lamar_BrodieOaks$lamar_24th,0,mid-day,20,1148.05,20.35
Lamar_BrodieOaks$lamar_24th,0,pm_off,3,747,23.33333333
Lamar_BrodieOaks$lamar_24th,0,pm_peak,11,740.7272727,23.90909091
Lamar_BrodieOaks$lamar_24th,1,am_peak,34,1307.5,15.11764706
Lamar_BrodieOaks$lamar_24th,1,mid-day,29,970.9310345,20.10344828
Lamar_BrodieOaks$lamar_24th,1,pm_off,3,2097.666667,14
Lamar_BrodieOaks$lamar_24th,1,pm_peak,33,986.3636364,20.03030303
Lamar_BrodieOaks$lamar_24th,2,am_peak,40,1444.6,15
Lamar_BrodieOaks$lamar_24th,2,mid-day,31,957.9354839,20.35483871
Lamar_BrodieOaks$lamar_24th,2,pm_off,6,754.6666667,23.66666667
Lamar_BrodieOaks$lamar_24th,2,pm_peak,25,1150.08,17.64
Lamar_BrodieOaks$lamar_24th,3,am_peak,22,1099.5,17.18181818
Lamar_BrodieOaks$lamar_24th,3,mid-day,24,1065.625,18.83333333
Lamar_BrodieOaks$lamar_24th,3,pm_peak,22,1266.863636,16.63636364
Lamar_BrodieOaks$lamar_24th,4,am_peak,16,817.875,22.0625
Lamar_BrodieOaks$lamar_24th,4,mid-day,31,1093.096774,18.22580645
Lamar_BrodieOaks$lamar_24th,4,pm_off,1,1385,13
Lamar_BrodieOaks$lamar_24th,4,pm_peak,12,1140.25,16.66666667
Lamar_BrodieOaks$lamar_24th,5,mid-day,10,1111,17.8
Lamar_BrodieOaks$lamar_24th,5,pm_off,2,599,29
Lamar_BrodieOaks$lamar_24th,5,pm_peak,4,1414,13.25
Lamar_BrodieOaks$lamar_24th,6,mid-day,9,888.3333333,20.66666667
Lamar_BrodieOaks$lamar_24th,6,pm_off,1,680,25
Lamar_BrodieOaks$lamar_24th,6,pm_peak,17,868.8823529,24.23529412
Lamar_BrodieOaks$Lamar_and_Manchca_Barton_skyway,0,am_off,10,90,35.8
Lamar_BrodieOaks$Lamar_and_Manchca_Barton_skyway,0,am_peak,307,106.4104235,30.80130293
Lamar_BrodieOaks$Lamar_and_Manchca_Barton_skyway,0,mid-day,572,104.6573427,31.70104895
Lamar_BrodieOaks$Lamar_and_Manchca_Barton_skyway,0,pm_off,130,94.75384615,34.40769231
Lamar_BrodieOaks$Lamar_and_Manchca_Barton_skyway,0,pm_peak,381,115.2965879,28.08923885
Lamar_BrodieOaks$Lamar_and_Manchca_Barton_skyway,1,am_off,15,89,36.93333333
Lamar_BrodieOaks$Lamar_and_Manchca_Barton_skyway,1,am_peak,367,125.4141689,27.91553134
Lamar_BrodieOaks$Lamar_and_Manchca_Barton_skyway,1,mid-day,700,99.52857143,32.61428571
Lamar_BrodieOaks$Lamar_and_Manchca_Barton_skyway,1,pm_off,202,98.83663366,32.90594059
Lamar_BrodieOaks$Lamar_and_Manchca_Barton_skyway,1,pm_peak,495,115.769697,28.00606061
Lamar_BrodieOaks$Lamar_and_Manchca_Barton_skyway,2,am_off,13,93,34.69230769
Lamar_BrodieOaks$Lamar_and_Manchca_Barton_skyway,2,am_peak,426,111.8685446,29.842723
Lamar_BrodieOaks$Lamar_and_Manchca_Barton_skyway,2,mid-day,599,98.92654424,33.01669449
Lamar_BrodieOaks$Lamar_and_Manchca_Barton_skyway,2,pm_off,169,103.1183432,31.70414201
Lamar_BrodieOaks$Lamar_and_Manchca_Barton_skyway,2,pm_peak,372,116.922043,27.7688172
Lamar_BrodieOaks$Lamar_and_Manchca_Barton_skyway,3,am_off,16,89.6875,36.5
Lamar_BrodieOaks$Lamar_and_Manchca_Barton_skyway,3,am_peak,341,119.4750733,29.17595308
Lamar_BrodieOaks$Lamar_and_Manchca_Barton_skyway,3,mid-day,567,123.313933,30.03880071
Lamar_BrodieOaks$Lamar_and_Manchca_Barton_skyway,3,pm_off,166,109.186747,31.72891566
Lamar_BrodieOaks$Lamar_and_Manchca_Barton_skyway,3,pm_peak,401,124.1571072,26.24937656
Lamar_BrodieOaks$Lamar_and_Manchca_Barton_skyway,4,am_off,17,84.41176471,37.94117647
Lamar_BrodieOaks$Lamar_and_Manchca_Barton_skyway,4,am_peak,289,109.3979239,29.69896194
Lamar_BrodieOaks$Lamar_and_Manchca_Barton_skyway,4,mid-day,675,101.92,32.32592593
Lamar_BrodieOaks$Lamar_and_Manchca_Barton_skyway,4,pm_off,173,112.3641618,29.53757225
Lamar_BrodieOaks$Lamar_and_Manchca_Barton_skyway,4,pm_peak,331,120.9335347,26.50151057
Lamar_BrodieOaks$Lamar_and_Manchca_Barton_skyway,5,am_off,28,96.60714286,34.64285714
Lamar_BrodieOaks$Lamar_and_Manchca_Barton_skyway,5,am_peak,89,103.1797753,31.94382022
Lamar_BrodieOaks$Lamar_and_Manchca_Barton_skyway,5,mid-day,464,118.8556034,27.56896552
Lamar_BrodieOaks$Lamar_and_Manchca_Barton_skyway,5,pm_off,163,105.9877301,30.76687117
Lamar_BrodieOaks$Lamar_and_Manchca_Barton_skyway,5,pm_peak,252,116.1904762,28.05952381
Lamar_BrodieOaks$Lamar_and_Manchca_Barton_skyway,6,am_off,35,93.42857143,34.4
Lamar_BrodieOaks$Lamar_and_Manchca_Barton_skyway,6,am_peak,55,101.6909091,32.52727273
Lamar_BrodieOaks$Lamar_and_Manchca_Barton_skyway,6,mid-day,505,114.9366337,28.56435644
Lamar_BrodieOaks$Lamar_and_Manchca_Barton_skyway,6,pm_off,137,104.8467153,31.90510949
Lamar_BrodieOaks$Lamar_and_Manchca_Barton_skyway,6,pm_peak,326,110.5276074,29.5398773
Lamar_BrodieOaks$lamar_barton_springs,0,am_off,2,394,26.5
Lamar_BrodieOaks$lamar_barton_springs,0,am_peak,136,562.2352941,22.13235294
Lamar_BrodieOaks$lamar_barton_springs,0,mid-day,186,675.8924731,21.17741935
Lamar_BrodieOaks$lamar_barton_springs,0,pm_off,30,522.3333333,24.7
Lamar_BrodieOaks$lamar_barton_springs,0,pm_peak,107,540.2990654,24.09345794
Lamar_BrodieOaks$lamar_barton_springs,1,am_off,5,525,26.4
Lamar_BrodieOaks$lamar_barton_springs,1,am_peak,123,770.6422764,18.47154472
Lamar_BrodieOaks$lamar_barton_springs,1,mid-day,183,526.9234973,24.39344262
Lamar_BrodieOaks$lamar_barton_springs,1,pm_off,55,468.0363636,26.6
Lamar_BrodieOaks$lamar_barton_springs,1,pm_peak,132,524.780303,22.66666667
Lamar_BrodieOaks$lamar_barton_springs,2,am_off,1,304,33
Lamar_BrodieOaks$lamar_barton_springs,2,am_peak,144,588.9861111,20.31944444
Lamar_BrodieOaks$lamar_barton_springs,2,mid-day,209,457.7607656,25.97607656
Lamar_BrodieOaks$lamar_barton_springs,2,pm_off,44,510.6136364,25.97727273
Lamar_BrodieOaks$lamar_barton_springs,2,pm_peak,123,465.203252,24.17886179
Lamar_BrodieOaks$lamar_barton_springs,3,am_off,7,497.4285714,32.57142857
Lamar_BrodieOaks$lamar_barton_springs,3,am_peak,138,622.9275362,20.11594203
Lamar_BrodieOaks$lamar_barton_springs,3,mid-day,178,665.1797753,20.76404494
Lamar_BrodieOaks$lamar_barton_springs,3,pm_off,55,466.0363636,25.27272727
Lamar_BrodieOaks$lamar_barton_springs,3,pm_peak,112,601.6785714,21.82142857
Lamar_BrodieOaks$lamar_barton_springs,4,am_off,6,347.6666667,30.66666667
Lamar_BrodieOaks$lamar_barton_springs,4,am_peak,113,393.9115044,26.97345133
Lamar_BrodieOaks$lamar_barton_springs,4,mid-day,224,538.03125,22.67410714
Lamar_BrodieOaks$lamar_barton_springs,4,pm_off,54,497.6111111,23.96296296
Lamar_BrodieOaks$lamar_barton_springs,4,pm_peak,98,481.1938776,22.81632653
Lamar_BrodieOaks$lamar_barton_springs,5,am_off,7,583.2857143,24.57142857
Lamar_BrodieOaks$lamar_barton_springs,5,am_peak,27,754.8888889,20.11111111
Lamar_BrodieOaks$lamar_barton_springs,5,mid-day,139,769.4100719,16.96402878
Lamar_BrodieOaks$lamar_barton_springs,5,pm_off,45,428.1111111,27.22222222
Lamar_BrodieOaks$lamar_barton_springs,5,pm_peak,88,524.2727273,23.96590909
Lamar_BrodieOaks$lamar_barton_springs,6,am_off,14,304.7857143,33.85714286
Lamar_BrodieOaks$lamar_barton_springs,6,am_peak,7,537.5714286,26.42857143
Lamar_BrodieOaks$lamar_barton_springs,6,mid-day,153,644.5620915,21.1372549
Lamar_BrodieOaks$lamar_barton_springs,6,pm_off,45,557.4444444,24.37777778
Lamar_BrodieOaks$lamar_barton_springs,6,pm_peak,90,510.3333333,24.82222222
Lamar_BrodieOaks$lamar_oltorf,0,am_off,5,183.4,33.2
Lamar_BrodieOaks$lamar_oltorf,0,am_peak,215,236.3674419,27.23255814
Lamar_BrodieOaks$lamar_oltorf,0,mid-day,311,238.2572347,27.42122186
Lamar_BrodieOaks$lamar_oltorf,0,pm_off,79,231.1265823,30.08860759
Lamar_BrodieOaks$lamar_oltorf,0,pm_peak,219,248.1324201,26.37899543
Lamar_BrodieOaks$lamar_oltorf,1,am_off,13,212.2307692,37.30769231
Lamar_BrodieOaks$lamar_oltorf,1,am_peak,248,282.858871,25.07258065
Lamar_BrodieOaks$lamar_oltorf,1,mid-day,370,228.7297297,28.14054054
Lamar_BrodieOaks$lamar_oltorf,1,pm_off,137,228.8029197,28.62773723
Lamar_BrodieOaks$lamar_oltorf,1,pm_peak,284,243.5774648,25.08450704
Lamar_BrodieOaks$lamar_oltorf,2,am_off,7,258.5714286,32.57142857
Lamar_BrodieOaks$lamar_oltorf,2,am_peak,252,238.0674603,26.62698413
Lamar_BrodieOaks$lamar_oltorf,2,mid-day,329,207.212766,29.83586626
Lamar_BrodieOaks$lamar_oltorf,2,pm_off,83,212.5783133,29.8313253
Lamar_BrodieOaks$lamar_oltorf,2,pm_peak,221,239.638009,25.28959276
Lamar_BrodieOaks$lamar_oltorf,3,am_off,9,174.7777778,34.77777778
Lamar_BrodieOaks$lamar_oltorf,3,am_peak,238,255.7226891,25.32352941
Lamar_BrodieOaks$lamar_oltorf,3,mid-day,289,279.9515571,26.65397924
Lamar_BrodieOaks$lamar_oltorf,3,pm_off,101,229.4653465,27.74257426
Lamar_BrodieOaks$lamar_oltorf,3,pm_peak,223,257.0358744,23.96412556
Lamar_BrodieOaks$lamar_oltorf,4,am_off,8,330.5,29.875
Lamar_BrodieOaks$lamar_oltorf,4,am_peak,202,207.1980198,29.10891089
Lamar_BrodieOaks$lamar_oltorf,4,mid-day,387,214.6614987,28.96899225
Lamar_BrodieOaks$lamar_oltorf,4,pm_off,101,223.3762376,27.82178218
Lamar_BrodieOaks$lamar_oltorf,4,pm_peak,187,253.2085561,23.98395722
Lamar_BrodieOaks$lamar_oltorf,5,am_off,16,196.1875,32.125
Lamar_BrodieOaks$lamar_oltorf,5,am_peak,42,247.6904762,27.71428571
Lamar_BrodieOaks$lamar_oltorf,5,mid-day,235,251.1489362,24.75744681
Lamar_BrodieOaks$lamar_oltorf,5,pm_off,91,227.1538462,28.56043956
Lamar_BrodieOaks$lamar_oltorf,5,pm_peak,160,235.74375,27.125
Lamar_BrodieOaks$lamar_oltorf,6,am_off,25,173.84,34.68
Lamar_BrodieOaks$lamar_oltorf,6,am_peak,35,185.8285714,32.28571429
Lamar_BrodieOaks$lamar_oltorf,6,mid-day,286,228.534965,26.49300699
Lamar_BrodieOaks$lamar_oltorf,6,pm_off,81,297.9012346,27
Lamar_BrodieOaks$lamar_oltorf,6,pm_peak,184,211.125,28.625
lamar_koenig$lamar_airport,0,am_off,55,105.0181818,35.14545455
lamar_koenig$lamar_airport,0,am_peak,181,124.6906077,29.07734807
lamar_koenig$lamar_airport,0,mid-day,583,131.7993139,27.61406518
lamar_koenig$lamar_airport,0,pm_off,173,109.132948,31.47398844
lamar_koenig$lamar_airport,0,pm_peak,330,193.2848485,21.66666667
lamar_koenig$lamar_airport,1,am_off,42,106.6428571,33.33333333
lamar_koenig$lamar_airport,1,am_peak,248,134.2056452,27.42741935
lamar_koenig$lamar_airport,1,mid-day,647,140.61051,26.31684699
lamar_koenig$lamar_airport,1,pm_off,240,114.575,29.95416667
lamar_koenig$lamar_airport,1,pm_peak,429,232.1002331,19.07226107
lamar_koenig$lamar_airport,2,am_off,48,100.2916667,34.25
lamar_koenig$lamar_airport,2,am_peak,161,132.1304348,28.17391304
lamar_koenig$lamar_airport,2,mid-day,506,144.4288538,25.78853755
lamar_koenig$lamar_airport,2,pm_off,190,116.3578947,29.67894737
lamar_koenig$lamar_airport,2,pm_peak,359,219.0696379,19.55431755
lamar_koenig$lamar_airport,3,am_off,55,94.03636364,36.16363636
lamar_koenig$lamar_airport,3,am_peak,180,132.3,27.3
lamar_koenig$lamar_airport,3,mid-day,515,136.6621359,26.85825243
lamar_koenig$lamar_airport,3,pm_off,187,121.2834225,28.56684492
lamar_koenig$lamar_airport,3,pm_peak,374,199.1149733,21.22994652
lamar_koenig$lamar_airport,4,am_off,60,105.4666667,34.68333333
lamar_koenig$lamar_airport,4,am_peak,185,135.8,27.03783784
lamar_koenig$lamar_airport,4,mid-day,496,144.6834677,25.86895161
lamar_koenig$lamar_airport,4,pm_off,217,120.5069124,28.64516129
lamar_koenig$lamar_airport,4,pm_peak,344,182.744186,22.31104651
lamar_koenig$lamar_airport,5,am_off,71,98.1971831,35.11267606
lamar_koenig$lamar_airport,5,am_peak,86,109.2790698,33.6744186
lamar_koenig$lamar_airport,5,mid-day,433,121.9699769,29.46189376
lamar_koenig$lamar_airport,5,pm_off,175,124.0114286,28.41142857
lamar_koenig$lamar_airport,5,pm_peak,297,130.4781145,28.15151515
lamar_koenig$lamar_airport,6,am_off,109,99.9266055,34.14678899
lamar_koenig$lamar_airport,6,am_peak,66,102.3939394,33.86363636
lamar_koenig$lamar_airport,6,mid-day,404,105.8341584,32.62623762
lamar_koenig$lamar_airport,6,pm_off,189,117.8624339,29.24338624
lamar_koenig$lamar_airport,6,pm_peak,288,106.7395833,32.23263889
lamar_lamar_square$lamar_barton_springs,0,am_off,85,56.29411765,35.17647059
lamar_lamar_square$lamar_barton_springs,0,am_peak,535,131.9140187,20.97383178
lamar_lamar_square$lamar_barton_springs,0,mid-day,885,74.91638418,26.95932203
lamar_lamar_square$lamar_barton_springs,0,pm_off,275,67.05454545,29.63272727
lamar_lamar_square$lamar_barton_springs,0,pm_peak,551,74.28493648,27.13974592
lamar_lamar_square$lamar_barton_springs,1,am_off,70,58.55714286,35.81428571
lamar_lamar_square$lamar_barton_springs,1,am_peak,529,184.7088847,17.27599244
lamar_lamar_square$lamar_barton_springs,1,mid-day,834,82.77697842,24.60551559
lamar_lamar_square$lamar_barton_springs,1,pm_off,228,67.15350877,29.53508772
lamar_lamar_square$lamar_barton_springs,1,pm_peak,462,99.15367965,23.64718615
lamar_lamar_square$lamar_barton_springs,2,am_off,40,54.45,35.8
lamar_lamar_square$lamar_barton_springs,2,am_peak,503,180.7872763,17.26242545
lamar_lamar_square$lamar_barton_springs,2,mid-day,843,90.08896797,23.71055753
lamar_lamar_square$lamar_barton_springs,2,pm_off,274,73.18978102,27.5729927
lamar_lamar_square$lamar_barton_springs,2,pm_peak,515,80.1961165,25.58834951
lamar_lamar_square$lamar_barton_springs,3,am_off,75,54.69333333,35.88
lamar_lamar_square$lamar_barton_springs,3,am_peak,545,177.4513761,17.08440367
lamar_lamar_square$lamar_barton_springs,3,mid-day,822,79.04622871,25.62530414
lamar_lamar_square$lamar_barton_springs,3,pm_off,277,72.4801444,27.6967509
lamar_lamar_square$lamar_barton_springs,3,pm_peak,486,76.59465021,26.5781893
lamar_lamar_square$lamar_barton_springs,4,am_off,83,57.27710843,34.55421687
lamar_lamar_square$lamar_barton_springs,4,am_peak,512,84.65429688,25.46484375
lamar_lamar_square$lamar_barton_springs,4,mid-day,915,118.3967213,20.4863388
lamar_lamar_square$lamar_barton_springs,4,pm_off,307,75.21172638,26.85993485
lamar_lamar_square$lamar_barton_springs,4,pm_peak,489,85.8609407,24.48261759
lamar_lamar_square$lamar_barton_springs,5,am_off,110,61.81818182,32.08181818
lamar_lamar_square$lamar_barton_springs,5,am_peak,208,65.67307692,30.14423077
lamar_lamar_square$lamar_barton_springs,5,mid-day,719,141.2670376,17.6077886
lamar_lamar_square$lamar_barton_springs,5,pm_off,340,73.50882353,27.32058824
lamar_lamar_square$lamar_barton_springs,5,pm_peak,442,88.6199095,23.24886878
lamar_lamar_square$lamar_barton_springs,6,am_off,162,57.35185185,34.27160494
lamar_lamar_square$lamar_barton_springs,6,am_peak,190,61.13157895,32.09473684
lamar_lamar_square$lamar_barton_springs,6,mid-day,797,84.46047679,24.5608532
lamar_lamar_square$lamar_barton_springs,6,pm_off,266,67.17669173,29.67293233
lamar_lamar_square$lamar_barton_springs,6,pm_peak,488,75.14754098,26.79713115
lamar_mlk$lamar_24th,0,am_off,70,38.38571429,34.41428571
lamar_mlk$lamar_24th,0,am_peak,394,45.76649746,29.81979695
lamar_mlk$lamar_24th,0,mid-day,1052,46.4486692,29.17395437
lamar_mlk$lamar_24th,0,pm_off,297,40.90909091,32.59259259
lamar_mlk$lamar_24th,0,pm_peak,985,71.21928934,22.36954315
lamar_mlk$lamar_24th,1,am_off,47,40.44680851,32.91489362
lamar_mlk$lamar_24th,1,am_peak,460,46.20217391,29.58043478
lamar_mlk$lamar_24th,1,mid-day,1282,47.96957878,28.42979719
lamar_mlk$lamar_24th,1,pm_off,345,39.97681159,33.17681159
lamar_mlk$lamar_24th,1,pm_peak,1084,84.80350554,19.32287823
lamar_mlk$lamar_24th,2,am_off,49,37.97959184,34.73469388
lamar_mlk$lamar_24th,2,am_peak,421,47.84085511,28.6128266
lamar_mlk$lamar_24th,2,mid-day,1021,48.62781587,28.09598433
lamar_mlk$lamar_24th,2,pm_off,306,40.29084967,32.82352941
lamar_mlk$lamar_24th,2,pm_peak,905,83.26850829,19.15359116
lamar_mlk$lamar_24th,3,am_off,79,38.46835443,34.16455696
lamar_mlk$lamar_24th,3,am_peak,403,48.6674938,28.17121588
lamar_mlk$lamar_24th,3,mid-day,935,48.36684492,28.13582888
lamar_mlk$lamar_24th,3,pm_off,332,42.0813253,31.72289157
lamar_mlk$lamar_24th,3,pm_peak,902,76.89467849,20.49667406
lamar_mlk$lamar_24th,4,am_off,95,39.31578947,33.61052632
lamar_mlk$lamar_24th,4,am_peak,358,46.60335196,29.38268156
lamar_mlk$lamar_24th,4,mid-day,1134,54.9382716,26.04409171
lamar_mlk$lamar_24th,4,pm_off,367,43.60217984,31.08446866
lamar_mlk$lamar_24th,4,pm_peak,800,77.11,20.705
lamar_mlk$lamar_24th,5,am_off,152,38.25657895,34.36842105
lamar_mlk$lamar_24th,5,am_peak,121,39.19008264,33.89256198
lamar_mlk$lamar_24th,5,mid-day,796,47.17211055,28.80150754
lamar_mlk$lamar_24th,5,pm_off,346,42.08959538,31.71387283
lamar_mlk$lamar_24th,5,pm_peak,455,45.04395604,29.64835165
lamar_mlk$lamar_24th,6,am_off,200,39.37,33.55
lamar_mlk$lamar_24th,6,am_peak,86,38.51162791,34.30232558
lamar_mlk$lamar_24th,6,mid-day,807,44.12887237,30.5291202
lamar_mlk$lamar_24th,6,pm_off,329,40.7781155,32.59270517
lamar_mlk$lamar_24th,6,pm_peak,525,42.89142857,31.11809524
lamar_morrow$lamar_payton_gin,0,am_off,35,123.4,42.08571429
lamar_morrow$lamar_payton_gin,0,am_peak,120,114.7916667,41.525
lamar_morrow$lamar_payton_gin,0,mid-day,473,120.0295983,40.19027484
lamar_morrow$lamar_payton_gin,0,pm_off,160,112.38125,42.2625
lamar_morrow$lamar_payton_gin,0,pm_peak,398,131.258794,37.3241206
lamar_morrow$lamar_payton_gin,1,am_off,12,114,41.66666667
lamar_morrow$lamar_payton_gin,1,am_peak,159,122.0125786,40.14465409
lamar_morrow$lamar_payton_gin,1,mid-day,505,120.7326733,39.7980198
lamar_morrow$lamar_payton_gin,1,pm_off,168,116.077381,42.05952381
lamar_morrow$lamar_payton_gin,1,pm_peak,460,135.4673913,36.51956522
lamar_morrow$lamar_payton_gin,2,am_off,18,120.8333333,40.66666667
lamar_morrow$lamar_payton_gin,2,am_peak,131,126.259542,41.26717557
lamar_morrow$lamar_payton_gin,2,mid-day,372,117.5833333,40.65322581
lamar_morrow$lamar_payton_gin,2,pm_off,163,118.1288344,41.43558282
lamar_morrow$lamar_payton_gin,2,pm_peak,351,126.991453,38.44159544
lamar_morrow$lamar_payton_gin,3,am_off,35,112.4571429,42.48571429
lamar_morrow$lamar_payton_gin,3,am_peak,117,124.5982906,39.43589744
lamar_morrow$lamar_payton_gin,3,mid-day,431,122.4849188,39.93967517
lamar_morrow$lamar_payton_gin,3,pm_off,141,115.6028369,41.80141844
lamar_morrow$lamar_payton_gin,3,pm_peak,372,125.0430108,38.52956989
lamar_morrow$lamar_payton_gin,4,am_off,29,114.4482759,41.82758621
lamar_morrow$lamar_payton_gin,4,am_peak,106,117.7169811,40.61320755
lamar_morrow$lamar_payton_gin,4,mid-day,397,119.5214106,40.67758186
lamar_morrow$lamar_payton_gin,4,pm_off,183,117.136612,40.67213115
lamar_morrow$lamar_payton_gin,4,pm_peak,324,125.0123457,38.56790123
lamar_morrow$lamar_payton_gin,5,am_off,52,112.25,43.01923077
lamar_morrow$lamar_payton_gin,5,am_peak,68,131.0735294,41.27941176
lamar_morrow$lamar_payton_gin,5,mid-day,352,120.7443182,40.16193182
lamar_morrow$lamar_payton_gin,5,pm_off,142,124.971831,40.95774648
lamar_morrow$lamar_payton_gin,5,pm_peak,220,120.3590909,40.16363636
lamar_morrow$lamar_payton_gin,6,am_off,78,113.3205128,42.96153846
lamar_morrow$lamar_payton_gin,6,am_peak,53,144.0943396,40.20754717
lamar_morrow$lamar_payton_gin,6,mid-day,347,115.9913545,41.23631124
lamar_morrow$lamar_payton_gin,6,pm_off,137,114.0145985,42.00729927
lamar_morrow$lamar_payton_gin,6,pm_peak,233,114.0729614,41.86266094
lamar_oltorf$lamar_barton_springs,0,am_off,60,115.5,36.68333333
lamar_oltorf$lamar_barton_springs,0,am_peak,459,260.5446623,22.58169935
lamar_oltorf$lamar_barton_springs,0,mid-day,733,155.5702592,27.99181446
lamar_oltorf$lamar_barton_springs,0,pm_off,191,133.6335079,31.31413613
lamar_oltorf$lamar_barton_springs,0,pm_peak,432,148.8310185,28.69907407
lamar_oltorf$lamar_barton_springs,1,am_off,54,107.7962963,39.01851852
lamar_oltorf$lamar_barton_springs,1,am_peak,440,368.8386364,18.875
lamar_oltorf$lamar_barton_springs,1,mid-day,611,164.0785597,26.12274959
lamar_oltorf$lamar_barton_springs,1,pm_off,175,140.6742857,30.30285714
lamar_oltorf$lamar_barton_springs,1,pm_peak,397,179.0906801,25.53904282
lamar_oltorf$lamar_barton_springs,2,am_off,33,125.5151515,36.03030303
lamar_oltorf$lamar_barton_springs,2,am_peak,395,314.1291139,19.67341772
lamar_oltorf$lamar_barton_springs,2,mid-day,622,167.1688103,26.0659164
lamar_oltorf$lamar_barton_springs,2,pm_off,185,147.0378378,28.74054054
lamar_oltorf$lamar_barton_springs,2,pm_peak,411,164.2262774,26.91240876
lamar_oltorf$lamar_barton_springs,3,am_off,53,120.9622642,36.47169811
lamar_oltorf$lamar_barton_springs,3,am_peak,448,301.953125,20.05803571
lamar_oltorf$lamar_barton_springs,3,mid-day,602,158.2192691,26.9269103
lamar_oltorf$lamar_barton_springs,3,pm_off,225,150.2088889,28.37333333
lamar_oltorf$lamar_barton_springs,3,pm_peak,391,155.42711,27.64194373
lamar_oltorf$lamar_barton_springs,4,am_off,48,126.0833333,34.58333333
lamar_oltorf$lamar_barton_springs,4,am_peak,409,166.5501222,27.12713936
lamar_oltorf$lamar_barton_springs,4,mid-day,707,202.9844413,22.83168317
lamar_oltorf$lamar_barton_springs,4,pm_off,217,152.2488479,27.62211982
lamar_oltorf$lamar_barton_springs,4,pm_peak,398,170.9974874,25.7361809
lamar_oltorf$lamar_barton_springs,5,am_off,65,148.6,31.46153846
lamar_oltorf$lamar_barton_springs,5,am_peak,176,156.4147727,30.19886364
lamar_oltorf$lamar_barton_springs,5,mid-day,555,245.2144144,19.86486486
lamar_oltorf$lamar_barton_springs,5,pm_off,249,145.2329317,28.99196787
lamar_oltorf$lamar_barton_springs,5,pm_peak,367,168.9264305,25.40054496
lamar_oltorf$lamar_barton_springs,6,am_off,124,122.7983871,34.38709677
lamar_oltorf$lamar_barton_springs,6,am_peak,140,130.6928571,32.65
lamar_oltorf$lamar_barton_springs,6,mid-day,635,163.6456693,26.26929134
lamar_oltorf$lamar_barton_springs,6,pm_off,187,140.7005348,31.01604278
lamar_oltorf$lamar_barton_springs,6,pm_peak,390,148.4153846,28.63076923
lamar_oltorf$lamar_lamar_square,0,am_off,67,59.11940299,38.46268657
lamar_oltorf$lamar_lamar_square,0,am_peak,566,98.50353357,29.61837456
lamar_oltorf$lamar_lamar_square,0,mid-day,882,73.25623583,31.07142857
lamar_oltorf$lamar_lamar_square,0,pm_off,250,68.624,32.928
lamar_oltorf$lamar_lamar_square,0,pm_peak,624,74.57051282,31.08814103
lamar_oltorf$lamar_lamar_square,1,am_off,53,59.8490566,39.05660377
lamar_oltorf$lamar_lamar_square,1,am_peak,687,142.7030568,24.85443959
lamar_oltorf$lamar_lamar_square,1,mid-day,905,75.70497238,30.14143646
lamar_oltorf$lamar_lamar_square,1,pm_off,286,69.89160839,32.4965035
lamar_oltorf$lamar_lamar_square,1,pm_peak,646,77.41486068,29.88390093
lamar_oltorf$lamar_lamar_square,2,am_off,46,58.41304348,39.08695652
lamar_oltorf$lamar_lamar_square,2,am_peak,516,114.3023256,26.11627907
lamar_oltorf$lamar_lamar_square,2,mid-day,761,75.0499343,30.38501971
lamar_oltorf$lamar_lamar_square,2,pm_off,234,72.04273504,31.66239316
lamar_oltorf$lamar_lamar_square,2,pm_peak,516,77.09496124,30.08914729
lamar_oltorf$lamar_lamar_square,3,am_off,64,59.671875,38.96875
lamar_oltorf$lamar_lamar_square,3,am_peak,571,106.1611208,27.21190893
lamar_oltorf$lamar_lamar_square,3,mid-day,710,75.01549296,30.38450704
lamar_oltorf$lamar_lamar_square,3,pm_off,251,75.27888446,30.51394422
lamar_oltorf$lamar_lamar_square,3,pm_peak,521,74.93474088,30.67178503
lamar_oltorf$lamar_lamar_square,4,am_off,62,68.0483871,35.27419355
lamar_oltorf$lamar_lamar_square,4,am_peak,542,70.8597786,32.48339483
lamar_oltorf$lamar_lamar_square,4,mid-day,854,79.14754098,29.07142857
lamar_oltorf$lamar_lamar_square,4,pm_off,302,75.08278146,30.30794702
lamar_oltorf$lamar_lamar_square,4,pm_peak,509,78.21611002,29.51866405
lamar_oltorf$lamar_lamar_square,5,am_off,81,75.49382716,33.2962963
lamar_oltorf$lamar_lamar_square,5,am_peak,194,70.8814433,34.65979381
lamar_oltorf$lamar_lamar_square,5,mid-day,712,86.34691011,27.76685393
lamar_oltorf$lamar_lamar_square,5,pm_off,330,73.01515152,31.1030303
lamar_oltorf$lamar_lamar_square,5,pm_peak,462,76.4047619,29.81385281
lamar_oltorf$lamar_lamar_square,6,am_off,136,63.125,35.74264706
lamar_oltorf$lamar_lamar_square,6,am_peak,159,66.93081761,34.20754717
lamar_oltorf$lamar_lamar_square,6,mid-day,803,75.35491905,30.26400996
lamar_oltorf$lamar_lamar_square,6,pm_off,248,68.07258065,33.33064516
lamar_oltorf$lamar_lamar_square,6,pm_peak,499,72.52905812,31.27655311
lamar_payton_gin$lamar_rundberg,0,am_off,174,43.09195402,37.40804598
lamar_payton_gin$lamar_rundberg,0,am_peak,424,51.19811321,32.64150943
lamar_payton_gin$lamar_rundberg,0,mid-day,1064,65.95394737,26.48966165
lamar_payton_gin$lamar_rundberg,0,pm_off,467,50.34261242,33.09207709
lamar_payton_gin$lamar_rundberg,0,pm_peak,670,92.28208955,22.65820896
lamar_payton_gin$lamar_rundberg,1,am_off,118,47.55084746,35.73728814
lamar_payton_gin$lamar_rundberg,1,am_peak,490,53.6122449,31.53877551
lamar_payton_gin$lamar_rundberg,1,mid-day,1213,68.69497115,25.92168178
lamar_payton_gin$lamar_rundberg,1,pm_off,575,51.33913043,32.42782609
lamar_payton_gin$lamar_rundberg,1,pm_peak,972,98.58950617,19.90432099
lamar_payton_gin$lamar_rundberg,2,am_off,114,41.28947368,39.38596491
lamar_payton_gin$lamar_rundberg,2,am_peak,479,49.97703549,33.37578288
lamar_payton_gin$lamar_rundberg,2,mid-day,1000,60.894,28.269
lamar_payton_gin$lamar_rundberg,2,pm_off,497,52.35211268,31.85311871
lamar_payton_gin$lamar_rundberg,2,pm_peak,745,85.34630872,21.60268456
lamar_payton_gin$lamar_rundberg,3,am_off,136,44.97794118,37.66911765
lamar_payton_gin$lamar_rundberg,3,am_peak,488,55.16188525,30.68647541
lamar_payton_gin$lamar_rundberg,3,mid-day,1012,60.52075099,28.29940711
lamar_payton_gin$lamar_rundberg,3,pm_off,445,52.03370787,31.91910112
lamar_payton_gin$lamar_rundberg,3,pm_peak,726,79.66942149,22.86225895
lamar_payton_gin$lamar_rundberg,4,am_off,131,46.19083969,35.64885496
lamar_payton_gin$lamar_rundberg,4,am_peak,475,50.74526316,32.70315789
lamar_payton_gin$lamar_rundberg,4,mid-day,1047,69.76599809,25.39063992
lamar_payton_gin$lamar_rundberg,4,pm_off,416,57.00480769,29.02163462
lamar_payton_gin$lamar_rundberg,4,pm_peak,700,109.97,18.01714286
lamar_payton_gin$lamar_rundberg,5,am_off,172,42.75581395,37.89534884
lamar_payton_gin$lamar_rundberg,5,am_peak,266,47.69548872,34.96240602
lamar_payton_gin$lamar_rundberg,5,mid-day,797,79.37515684,23.18820577
lamar_payton_gin$lamar_rundberg,5,pm_off,461,57.85683297,28.89370933
lamar_payton_gin$lamar_rundberg,5,pm_peak,534,64.35205993,26.44007491
lamar_payton_gin$lamar_rundberg,6,am_off,249,43.25301205,37.58232932
lamar_payton_gin$lamar_rundberg,6,am_peak,236,43.77966102,37.11440678
lamar_payton_gin$lamar_rundberg,6,mid-day,990,63.37272727,26.80606061
lamar_payton_gin$lamar_rundberg,6,pm_off,447,49.80313199,32.72930649
lamar_payton_gin$lamar_rundberg,6,pm_peak,599,58.77796327,28.12687813
lamar_riverside$lamar_5th,0,am_off,43,48.62790698,32.39534884
lamar_riverside$lamar_5th,0,am_peak,492,119.2378049,15.0304878
lamar_riverside$lamar_5th,0,mid-day,696,85.30316092,21.70545977
lamar_riverside$lamar_5th,0,pm_off,216,57.25,28.17592593
lamar_riverside$lamar_5th,0,pm_peak,481,73.76299376,23.12058212
lamar_riverside$lamar_5th,1,am_off,54,50.92592593,30.98148148
lamar_riverside$lamar_5th,1,am_peak,505,127.6079208,14.64356436
lamar_riverside$lamar_5th,1,mid-day,743,100.526245,18.67025572
lamar_riverside$lamar_5th,1,pm_off,278,59.97482014,26.84892086
lamar_riverside$lamar_5th,1,pm_peak,428,134.7476636,15.88084112
lamar_riverside$lamar_5th,2,am_off,55,50.01818182,31.8
lamar_riverside$lamar_5th,2,am_peak,482,116.7219917,15.41286307
lamar_riverside$lamar_5th,2,mid-day,739,109.7997294,18.78890392
lamar_riverside$lamar_5th,2,pm_off,270,57.71111111,27.89259259
lamar_riverside$lamar_5th,2,pm_peak,456,119.1666667,16.76315789
lamar_riverside$lamar_5th,3,am_off,57,50.66666667,31.77192982
lamar_riverside$lamar_5th,3,am_peak,487,131.4004107,13.41067762
lamar_riverside$lamar_5th,3,mid-day,727,87.52819807,20.61485557
lamar_riverside$lamar_5th,3,pm_off,289,60.70934256,26.76124567
lamar_riverside$lamar_5th,3,pm_peak,463,120.6522678,16.81857451
lamar_riverside$lamar_5th,4,am_off,85,50.90588235,31.43529412
lamar_riverside$lamar_5th,4,am_peak,334,99.96107784,17.96706587
lamar_riverside$lamar_5th,4,mid-day,561,144.5115865,14.26737968
lamar_riverside$lamar_5th,4,pm_off,236,80.43644068,22.24152542
lamar_riverside$lamar_5th,4,pm_peak,286,140.6503497,16.47202797
lamar_riverside$lamar_5th,5,am_off,84,52.88095238,30.35714286
lamar_riverside$lamar_5th,5,am_peak,109,60.78899083,27.52293578
lamar_riverside$lamar_5th,5,mid-day,440,150.7340909,12.62045455
lamar_riverside$lamar_5th,5,pm_off,248,68.34274194,24.09677419
lamar_riverside$lamar_5th,5,pm_peak,307,102.2996743,19.1237785
lamar_riverside$lamar_5th,6,am_off,128,53.5859375,30.7109375
lamar_riverside$lamar_5th,6,am_peak,138,55.65217391,29.14492754
lamar_riverside$lamar_5th,6,mid-day,588,92.78401361,19.56462585
lamar_riverside$lamar_5th,6,pm_off,237,53.41350211,29.89873418
lamar_riverside$lamar_5th,6,pm_peak,440,71.86136364,24.01818182
lamar_rundberg$lamar_braker,0,am_off,53,224.1320755,29.73584906
lamar_rundberg$lamar_braker,0,am_peak,134,278.2910448,23.98507463
lamar_rundberg$lamar_braker,0,mid-day,343,318.7784257,20.53644315
lamar_rundberg$lamar_braker,0,pm_off,111,233.4054054,25.99099099
lamar_rundberg$lamar_braker,0,pm_peak,221,308,20.67420814
lamar_rundberg$lamar_braker,1,am_off,32,250.15625,30.28125
lamar_rundberg$lamar_braker,1,am_peak,163,257.9570552,24.38650307
lamar_rundberg$lamar_braker,1,mid-day,407,317.3734644,20.20884521
lamar_rundberg$lamar_braker,1,pm_off,155,237.0322581,25.98709677
lamar_rundberg$lamar_braker,1,pm_peak,326,327.9294479,19.21779141
lamar_rundberg$lamar_braker,2,am_off,57,228.2807018,30.87719298
lamar_rundberg$lamar_braker,2,am_peak,190,267.0210526,23.97368421
lamar_rundberg$lamar_braker,2,mid-day,334,270.6826347,22.58083832
lamar_rundberg$lamar_braker,2,pm_off,135,257.7555556,24.62962963
lamar_rundberg$lamar_braker,2,pm_peak,231,270.2727273,21.38095238
lamar_rundberg$lamar_braker,3,am_off,45,285.2,27.22222222
lamar_rundberg$lamar_braker,3,am_peak,163,264.803681,25.08588957
lamar_rundberg$lamar_braker,3,mid-day,338,294.887574,21.96745562
lamar_rundberg$lamar_braker,3,pm_off,131,238.7328244,25.47328244
lamar_rundberg$lamar_braker,3,pm_peak,256,279.3945313,21.234375
lamar_rundberg$lamar_braker,4,am_off,38,290.3947368,27.47368421
lamar_rundberg$lamar_braker,4,am_peak,162,273.7098765,23.56790123
lamar_rundberg$lamar_braker,4,mid-day,348,347.612069,18.8045977
lamar_rundberg$lamar_braker,4,pm_off,135,253.3703704,23.34074074
lamar_rundberg$lamar_braker,4,pm_peak,219,346.109589,18.13242009
lamar_rundberg$lamar_braker,5,am_off,49,201.2244898,31.53061224
lamar_rundberg$lamar_braker,5,am_peak,83,244.626506,27.15662651
lamar_rundberg$lamar_braker,5,mid-day,254,364.980315,17.71259843
lamar_rundberg$lamar_braker,5,pm_off,115,275.5304348,22.96521739
lamar_rundberg$lamar_braker,5,pm_peak,157,294.5796178,21.67515924
lamar_rundberg$lamar_braker,6,am_off,71,219.4929577,29.50704225
lamar_rundberg$lamar_braker,6,am_peak,69,284.2463768,26.72463768
lamar_rundberg$lamar_braker,6,mid-day,283,284.3886926,22.26855124
lamar_rundberg$lamar_braker,6,pm_off,125,283.424,23.952
lamar_rundberg$lamar_braker,6,pm_peak,196,280.8520408,22.40816327
lamar_rundberg$lamar_parmer,0,am_off,18,731.3888889,28.27777778
lamar_rundberg$lamar_parmer,0,am_peak,61,808.295082,23.86885246
lamar_rundberg$lamar_parmer,0,mid-day,163,796.3496933,20.24539877
lamar_rundberg$lamar_parmer,0,pm_off,48,569.4583333,26.97916667
lamar_rundberg$lamar_parmer,0,pm_peak,121,854.9752066,19.95041322
lamar_rundberg$lamar_parmer,1,am_off,10,731.9,23
lamar_rundberg$lamar_parmer,1,am_peak,71,848.915493,21.33802817
lamar_rundberg$lamar_parmer,1,mid-day,193,755.9274611,21.10362694
lamar_rundberg$lamar_parmer,1,pm_off,65,616.4461538,25.16923077
lamar_rundberg$lamar_parmer,1,pm_peak,164,779.0853659,19.45731707
lamar_rundberg$lamar_parmer,2,am_off,17,502,29.29411765
lamar_rundberg$lamar_parmer,2,am_peak,75,725.3866667,21.93333333
lamar_rundberg$lamar_parmer,2,mid-day,149,744.7181208,22.13422819
lamar_rundberg$lamar_parmer,2,pm_off,53,750.7924528,24.43396226
lamar_rundberg$lamar_parmer,2,pm_peak,133,751.0150376,21.03759398
lamar_rundberg$lamar_parmer,3,am_off,10,793.4,22.8
lamar_rundberg$lamar_parmer,3,am_peak,79,654.9493671,24.48101266
lamar_rundberg$lamar_parmer,3,mid-day,121,814.9669421,21.16528926
lamar_rundberg$lamar_parmer,3,pm_off,56,490.7321429,27.78571429
lamar_rundberg$lamar_parmer,3,pm_peak,142,722.7887324,21.57042254
lamar_rundberg$lamar_parmer,4,am_off,14,887.2857143,19.21428571
lamar_rundberg$lamar_parmer,4,am_peak,77,734.2727273,22.63636364
lamar_rundberg$lamar_parmer,4,mid-day,164,892.5487805,19.06097561
lamar_rundberg$lamar_parmer,4,pm_off,50,563.18,24.46
lamar_rundberg$lamar_parmer,4,pm_peak,102,709.0882353,21.30392157
lamar_rundberg$lamar_parmer,5,am_off,18,564.2222222,29.94444444
lamar_rundberg$lamar_parmer,5,am_peak,30,602.1333333,28.73333333
lamar_rundberg$lamar_parmer,5,mid-day,122,808.1065574,20.83606557
lamar_rundberg$lamar_parmer,5,pm_off,46,494.4565217,27.19565217
lamar_rundberg$lamar_parmer,5,pm_peak,66,702.6060606,22.59090909
lamar_rundberg$lamar_parmer,6,am_off,16,446.9375,30.875
lamar_rundberg$lamar_parmer,6,am_peak,20,642.5,30.3
lamar_rundberg$lamar_parmer,6,mid-day,147,688.4421769,22.46938776
lamar_rundberg$lamar_parmer,6,pm_off,50,603.32,25.24
lamar_rundberg$lamar_parmer,6,pm_peak,118,817.4915254,22.04237288